,080516,080416,080316,080216,080116,073116,073016,072916,072816,072716,072616,072516,072416,072316,072216,072116,072016,071916,071816,071716,071616,071516,071416,071316,071216,071116,071016,070916,070816,070716,070616,070516,070416,070316,070216,070116,063016,062916,062816,062716,062616,062516,062416,062316,062216,062116,062016,061916,061816
messenger,29256317,-1,29179154,29158064,-1,-1,-1,29000187,28965091,28935114,28893426,28866623,-1,-1,28759636,28722168,28681998,28646027,28606148,-1,-1,28506065,28478862,28439450,28401352,28364366,-1,-1,28246641,-1,28179600,28142758,-1,28092233,28042529,28010361,27956444,27914011,-1,27847756,-1,-1,27716342,27675185,27639407,27600355,27554065,-1,27498432
go security,224916,-1,214534,209427,-1,-1,-1,185337,180797,176959,171466,166946,-1,-1,154697,151193,147327,144999,142146,-1,-1,135203,132543,129510,126688,124425,-1,-1,117813,-1,113350,110904,-1,106879,103506,101352,98497,97395,-1,95427,-1,-1,91353,90228,88855,87486,83378,-1,78369
snapchat,7856978,-1,7830609,7814898,-1,-1,-1,7759750,7745601,7734075,7715341,7700508,-1,-1,7650059,7631795,7613146,7598901,7581400,-1,-1,7534122,7518319,7499572,7478242,7457627,-1,-1,7394084,-1,7363892,7350910,-1,7334619,7315698,7301339,7283091,7272536,-1,7245690,-1,-1,7200015,7187280,7172863,7159379,7148444,-1,7132134
facebook,46203511,-1,46069529,46018776,-1,-1,-1,45803130,45749710,45691573,45633450,45587012,-1,-1,45439573,45380745,45303028,45258311,45198518,-1,-1,45047564,45003309,44933064,44866293,44810299,-1,-1,44635480,-1,44503557,44449489,-1,44369323,44291448,44239626,44138174,44073770,-1,43972389,-1,-1,43755932,43676649,43614012,43550673,43498434,-1,43416153
spotify music,5931160,-1,5916865,5909308,-1,-1,-1,5877553,5869074,5862366,5850889,5842760,-1,-1,5819093,5810471,5802183,5795962,5786943,-1,-1,5762927,5754466,5745215,5735595,5727745,-1,-1,5703611,-1,5688106,5680179,-1,5669628,5658009,5648921,5638506,5629762,-1,5615475,-1,-1,5588681,5580977,5573552,5566644,5559821,-1,5550310
instagram,35593462,-1,35520307,35479443,-1,-1,-1,35316078,35263720,35240324,35196632,35159635,-1,-1,35044542,35005929,34966364,34934542,34886156,-1,-1,34771819,34733725,34694252,34655579,34616137,-1,-1,34491049,-1,34423505,34393671,-1,34338845,34284865,34244989,34201691,34166763,-1,34100887,-1,-1,33983218,33951432,33917988,33885880,33851710,-1,33798919
du cleaner,-1,-1,142968,142637,-1,-1,-1,140132,139370,138860,138078,137348,-1,-1,135141,134320,133747,133420,133038,-1,-1,131789,131576,131104,130655,130247,-1,-1,129040,-1,128372,127964,-1,127335,126694,126311,125700,125381,-1,124762,-1,-1,123497,123217,122860,122434,121984,-1,121222
slither.io,2134407,-1,2120771,2113054,-1,-1,-1,2076612,2067240,2059698,2048359,2038172,-1,-1,2003844,1991972,1980234,1969969,1956117,-1,-1,1916698,1904147,1890216,1876802,1863286,-1,-1,1817049,-1,1790548,1775404,-1,1753693,1728048,1711951,1687723,1671478,-1,1644949,-1,-1,1578769,1562670,1544843,1530865,1509768,-1,1480875
kijiji free local classifieds,80393,-1,80224,80134,-1,-1,-1,79760,79668,79627,79541,79489,-1,-1,79228,79161,79094,79044,78950,-1,-1,78721,78665,78549,78479,78383,-1,-1,78142,-1,77970,77866,-1,77761,77600,77500,77413,77354,-1,77220,-1,-1,76989,76916,76841,76756,76683,-1,76593
netflix,2947883,-1,2941070,2938980,-1,-1,-1,2926786,2923832,2921320,2917519,2914835,-1,-1,2904394,2900935,2897438,2894318,2890266,-1,-1,2879013,2876260,2872233,2867539,2864068,-1,-1,2853563,-1,2846983,2843302,-1,2838588,2830424,2825128,2820201,2816392,-1,2810692,-1,-1,2799600,2797046,2793726,2790224,2785484,-1,2778860
whatsapp messenger,41285576,-1,41211035,41186866,-1,-1,-1,40999081,40946820,40905757,40863019,40835440,-1,-1,40735586,40701364,40667130,40634495,40601457,-1,-1,40514156,40485462,40453036,40421310,40384729,-1,-1,40242700,-1,40134773,40089238,-1,40009368,39958608,39924586,39885596,39853519,-1,39793317,-1,-1,39677086,39634681,39597840,39566781,39535933,-1,39483922
google photos,4604640,-1,4588922,4582995,-1,-1,-1,4545801,4537627,4531008,4520613,4513298,-1,-1,4479574,4469320,4459368,4450885,4439830,-1,-1,4412655,4404028,4393917,4384621,4374813,-1,-1,4344925,-1,4326428,4317516,-1,4303449,4289704,4282278,4269403,4259804,-1,4243088,-1,-1,4212284,4203498,4197031,4189056,4180571,-1,4165544
the weather network,73374,-1,73345,73338,-1,-1,-1,73278,73261,73254,73225,73211,-1,-1,73162,73129,73123,73117,73096,-1,-1,73047,73026,72994,72974,72963,-1,-1,72897,-1,72853,72837,-1,72814,72784,72767,72741,72736,-1,72697,-1,-1,72642,72631,72422,72151,71822,-1,71417
pinterest,2069165,-1,2064115,2062035,-1,-1,-1,2050650,2047561,2045269,2041882,2039576,-1,-1,2030339,2027573,2024817,2022375,2019199,-1,-1,2011156,2008693,2004729,2002001,1999379,-1,-1,1991642,-1,1986823,1984285,-1,1980702,1976765,1974586,1970667,1968255,-1,1964379,-1,-1,1956332,1954152,1951937,1950164,1947391,-1,1943948
the moron test,-1,-1,-1,-1,-1,-1,-1,84976,84914,84847,84742,84674,-1,-1,84236,84063,83914,83764,83544,-1,-1,82793,82598,82282,82042,81793,-1,-1,80943,-1,80433,80150,-1,79687,79156,78900,78482,78203,-1,77711,-1,-1,76644,76415,76233,76000,75723,-1,75253
flipp,25634,-1,25551,25495,-1,-1,-1,25334,25287,25269,25230,25207,-1,-1,25091,25057,25014,24992,24961,-1,-1,24848,24801,24753,24708,24663,-1,-1,24536,-1,24453,24417,-1,24369,24298,24263,24209,24187,-1,24127,-1,-1,23997,23970,23935,23917,23886,-1,23853
nonstop knight,-1,-1,-1,-1,-1,-1,-1,-1,-1,-1,-1,-1,-1,-1,-1,-1,-1,-1,-1,-1,-1,-1,-1,-1,-1,-1,-1,-1,-1,-1,-1,-1,-1,-1,-1,-1,-1,-1,-1,-1,-1,-1,-1,-1,-1,-1,79452,-1,77583
color switch,729615,-1,725596,723334,-1,-1,-1,711373,708647,707029,703080,700773,-1,-1,689926,686066,682651,680711,676375,-1,-1,665208,661873,657459,654165,650751,-1,-1,639445,-1,632248,628688,-1,623486,616904,613012,606374,603037,-1,597952,-1,-1,585259,582131,579700,577202,574397,-1,569428
super-bright led torch,7092550,-1,7085978,7083073,-1,-1,-1,7067103,7063200,7059979,7055342,7051922,-1,-1,7037897,7033373,7028936,7025097,7020435,-1,-1,7007356,7003750,6998139,6993492,6988853,-1,-1,6975246,-1,6966594,6961872,-1,6954798,6947709,6943724,6937682,6933406,-1,6926105,-1,-1,6910948,6907065,6903431,6899377,6895275,-1,6888245
super-bright led torch,-1,-1,-1,-1,-1,-1,-1,-1,-1,-1,-1,-1,-1,-1,-1,-1,-1,-1,-1,-1,-1,-1,-1,-1,-1,-1,-1,-1,-1,-1,-1,-1,-1,-1,-1,-1,-1,-1,-1,-1,-1,-1,-1,-1,-1,-1,-1,-1,-1
go speed,402074,-1,397621,396158,-1,-1,-1,387069,384627,382516,379146,376816,-1,-1,367298,363969,360843,357917,354035,-1,-1,343291,340427,336055,332936,329787,-1,-1,321140,-1,316264,314232,-1,310941,307332,305507,303089,301647,-1,298468,-1,-1,291389,289420,287413,285720,283101,-1,280206
clean master,35069247,-1,35042290,35028125,-1,-1,-1,34966000,34951419,34942567,34921753,34909743,-1,-1,34864773,34849010,34832624,34820392,34802942,-1,-1,34756842,34745184,34725264,34709075,34693406,-1,-1,34645989,-1,34614338,34601681,-1,34576843,34554062,34536954,34517814,34502068,-1,34475796,-1,-1,34418604,34403578,34388211,34373053,34357986,-1,34335737
power clean,1109173,-1,1105397,1103387,-1,-1,-1,1093947,1091400,1090049,1086871,1085044,-1,-1,1078812,1076677,1074649,1072858,1070385,-1,-1,1063437,1061714,1059274,1056415,1054407,-1,-1,1046372,-1,1041715,1039654,-1,1035803,1032036,1029401,1026703,1024725,-1,1020555,-1,-1,1013389,1011489,1009530,1007451,1005407,-1,1002551
du speed booster & cleaner,11581374,-1,11574062,11569971,-1,-1,-1,11549256,11543636,11539429,11533338,11528123,-1,-1,11511655,11505218,11497383,11491086,11482951,-1,-1,11461628,11455310,11447933,11440534,11432902,-1,-1,11413111,-1,11400387,11393861,-1,11383640,11373664,11367856,11359651,11354246,-1,11344478,-1,-1,11323288,11317622,11312647,11306338,11298664,-1,11289166
egg!,-1,-1,-1,-1,-1,-1,-1,-1,-1,-1,-1,-1,-1,-1,-1,-1,-1,-1,-1,-1,-1,-1,-1,-1,-1,-1,-1,-1,-1,-1,-1,-1,-1,-1,-1,-1,-1,-1,-1,-1,-1,-1,-1,-1,-1,-1,31557,-1,30856
skype,8885843,-1,8879074,8875843,-1,-1,-1,8862068,8858549,8855752,8850955,8847391,-1,-1,8834703,8830063,8826387,8823579,8819692,-1,-1,8809777,8806201,8801763,8796765,8793148,-1,-1,8780472,-1,8771843,8768744,-1,8763263,8757860,8753610,8748668,8744268,-1,8736609,-1,-1,8724753,8721440,8717170,8712497,8708992,-1,8704308
360 security,13985736,-1,13963798,13951667,-1,-1,-1,13900533,13887904,13878342,13863821,13851065,-1,-1,13810178,13795762,13782106,13771075,13757231,-1,-1,13713929,13700135,13684826,13670376,13656029,-1,-1,13608921,-1,13581702,13567618,-1,13546320,13523948,13507210,13487118,13474228,-1,13452885,-1,-1,13408373,13396110,13383317,13370459,13358126,-1,13339235
musical.ly,665323,-1,659475,656093,-1,-1,-1,640932,637218,635110,630595,627894,-1,-1,617446,613892,610155,607026,602153,-1,-1,590992,587723,582806,578577,574443,-1,-1,557268,-1,551043,547210,-1,542474,537099,532601,527398,524125,-1,517337,-1,-1,505272,502648,499836,497240,494528,-1,490950
du battery saver & fast charge,-1,-1,-1,-1,-1,-1,-1,-1,-1,-1,-1,-1,-1,-1,-1,-1,-1,-1,-1,-1,-1,-1,11323718,11307761,11292317,11276567,-1,-1,11227258,-1,11199121,11187333,-1,11162874,11140034,11123736,11106217,11093268,-1,11067264,-1,-1,11019832,11007335,10993513,10980013,10966272,-1,10944610
soundcloud,2313205,-1,2310659,2309605,-1,-1,-1,2303796,2302296,2301087,2299298,2298171,-1,-1,2293203,2291561,2289873,2288502,2286016,-1,-1,2281894,2280408,2278642,2277144,2275571,-1,-1,2270602,-1,2267905,2266364,-1,2263865,2261710,2260506,2258462,2257156,-1,2255117,-1,-1,2250880,2249973,2248725,2247494,2246025,-1,2244377
microsoft outlook,917872,-1,915227,913678,-1,-1,-1,907714,905488,904426,902367,900578,-1,-1,896114,894548,892982,891647,889783,-1,-1,885482,883632,881805,880153,878618,-1,-1,874528,-1,871470,869931,-1,867758,865924,864771,862667,861122,-1,858646,-1,-1,853888,852654,850809,849228,847652,-1,845852
go keyboard,3413849,-1,3409396,3407081,-1,-1,-1,3396332,3393092,3391648,3388295,3385496,-1,-1,3376072,3372321,3368903,3366181,3362292,-1,-1,3351711,3349110,3344652,3340939,3337335,-1,-1,3326774,-1,3321293,3318898,-1,3313980,3309524,3306259,3302642,3300052,-1,3294064,-1,-1,3282819,3280000,3276807,3273523,3270247,-1,3265594
uber,905440,-1,898234,893799,-1,-1,-1,877574,872289,869518,865278,861671,-1,-1,850981,847328,843633,840712,836546,-1,-1,823873,820812,815914,811033,807542,-1,-1,797020,-1,790777,788108,-1,783365,778611,774764,770214,766908,-1,759395,-1,-1,749404,746432,743407,739982,736255,-1,732415
uber,-1,-1,-1,-1,-1,-1,-1,-1,-1,-1,-1,-1,-1,-1,-1,-1,-1,-1,-1,-1,-1,-1,-1,-1,-1,-1,-1,-1,-1,-1,-1,-1,-1,-1,-1,-1,-1,-1,-1,-1,-1,-1,-1,-1,-1,-1,-1,-1,-1
zedge ringtones & wallpapers,4163224,-1,4156977,4154507,-1,-1,-1,4140235,4136776,4134026,4130127,4127421,-1,-1,4115962,4112333,4108657,4105783,4101882,-1,-1,4091474,4087944,4083966,4080151,4076495,-1,-1,4065665,-1,4059351,4055945,-1,4051143,4045790,4042836,4037405,4034096,-1,4028762,-1,-1,4017779,4015006,4012630,4009710,4006818,-1,4002003
layout from instagram,505355,-1,504230,503658,-1,-1,-1,500399,499354,498904,497913,497052,-1,-1,494317,493449,492535,491813,490753,-1,-1,488062,487326,486084,485127,484126,-1,-1,480765,-1,478831,477887,-1,476570,475022,474008,472693,472053,-1,470554,-1,-1,467779,467214,466455,465781,465157,-1,464207
clash of kings,-1,-1,-1,-1,-1,-1,-1,-1,-1,-1,-1,-1,-1,-1,-1,1798311,1797379,1796393,1795427,-1,-1,1792427,1791386,1789618,1787046,1785801,-1,-1,-1,-1,-1,-1,-1,-1,-1,-1,-1,-1,-1,-1,-1,-1,-1,-1,-1,-1,-1,-1,-1
angry birds 2,1736229,-1,1734354,1733535,-1,-1,-1,1727303,1725935,1724068,1721729,1720696,-1,-1,1717378,1715648,1713123,1711172,1708196,-1,-1,1697474,1694307,1691548,1689181,1686482,-1,-1,1677508,-1,1672228,1669208,-1,1665226,1660697,1657385,1653371,1650677,-1,1646313,-1,-1,1636080,1633387,1630582,1627617,1624497,-1,1619245
tinder,1743556,-1,1741767,1740963,-1,-1,-1,1736174,1735063,1734187,1732803,1731761,-1,-1,1728463,1727147,1725952,1724144,1722878,-1,-1,1719842,1719005,1717760,1716624,1715568,-1,-1,1712328,-1,1710554,1709351,-1,1707795,1706233,1705220,1704127,1703124,-1,1701375,-1,-1,1696646,1695746,1694926,1693910,1692849,-1,1691061
shazam,2907056,-1,2905346,2904303,-1,-1,-1,2899542,2897963,2897292,2895452,2894362,-1,-1,2889790,2888057,2885958,2884801,2883404,-1,-1,2879324,2878019,2876446,2874748,2873557,-1,-1,2869788,-1,2867704,2866621,-1,2864915,2863088,2862085,2860367,2859306,-1,2857564,-1,-1,2853509,2852820,2851290,2850286,2849272,-1,2847550
microsoft word,538128,-1,535869,535030,-1,-1,-1,530393,529172,528099,526398,525483,-1,-1,522061,520556,519059,517919,516503,-1,-1,513010,511727,510179,508736,507510,-1,-1,503087,-1,500997,499817,-1,498093,496599,495629,493821,492565,-1,490165,-1,-1,486477,485553,484734,483735,482708,-1,481338
transformers,76240,-1,75616,75092,-1,-1,-1,73469,73135,72928,72490,72215,-1,-1,-1,-1,-1,-1,-1,-1,-1,-1,-1,-1,-1,-1,-1,-1,-1,-1,-1,-1,-1,-1,-1,-1,-1,-1,-1,53331,-1,-1,49098,47787,46839,45476,44037,-1,-1
td,21500,-1,21471,21463,-1,-1,-1,21390,21311,21278,21226,21217,-1,-1,21175,21157,21137,21121,21115,-1,-1,21074,21063,21057,21042,21034,-1,-1,21003,-1,20986,20972,-1,20956,20936,20921,20883,20868,-1,20852,-1,-1,20828,20824,20812,20803,20795,-1,20790
wish,2849587,-1,2845570,2843141,-1,-1,-1,2832210,2829520,2827446,2824277,2822025,-1,-1,2813675,2811061,2808385,2806623,2803065,-1,-1,2795324,2792969,2789608,2786846,2784101,-1,-1,2776775,-1,2771850,2769239,-1,2766193,2762577,2759978,2756415,2753865,-1,2749426,-1,-1,2740133,2737003,2734563,2732076,2729680,-1,2726516
td myspend,550,-1,547,545,-1,-1,-1,527,527,524,522,522,-1,-1,513,511,509,507,503,-1,-1,491,490,485,482,477,-1,-1,464,-1,455,452,-1,447,439,438,432,429,-1,422,-1,-1,409,405,403,401,396,-1,394
candy crush saga,15504748,-1,15490429,15484804,-1,-1,-1,15426213,15402517,15389469,15374408,15365895,-1,-1,15338064,15328652,15320347,15313429,15303131,-1,-1,15276772,15270591,15261604,15251099,15243552,-1,-1,15212030,-1,15196397,15187624,-1,15175929,15163650,15153888,15141987,15135555,-1,15118941,-1,-1,15090992,15083087,15074622,15066622,15057726,-1,15044180
viber,8892284,-1,8884628,8881114,-1,-1,-1,8865262,8861191,8859267,8852947,8848647,-1,-1,8836604,8832625,8828805,8825572,8820976,-1,-1,8810106,8806806,8802736,8798897,8794892,-1,-1,8782860,-1,8775632,8772466,-1,8766554,8761367,8757486,8752834,8749277,-1,8742299,-1,-1,8730016,8726498,8722421,8718206,8712813,-1,8707036
clash royale,5393494,-1,5375836,5367308,-1,-1,-1,5322920,5310397,5301711,5288724,5277746,-1,-1,5242357,5229887,5217258,5207155,5191878,-1,-1,5150801,5135607,5115800,5095877,5074575,-1,-1,4989898,-1,4939447,4905194,-1,4740544,4719190,4704080,4689093,4677284,-1,4657503,-1,-1,4612583,4600816,4588199,4575528,4562377,-1,4543359
kodi,111844,-1,111372,111157,-1,-1,-1,110031,109728,109521,109176,108865,-1,-1,107977,107691,107367,107131,106835,-1,-1,105967,105722,105420,105094,104819,-1,-1,103816,-1,103252,102945,-1,102503,102009,101748,101353,101103,-1,100641,-1,-1,99718,99519,99238,98971,98753,-1,98341
stack,262745,-1,262165,261872,-1,-1,-1,260077,259452,259126,258554,258009,-1,-1,255749,254887,254108,253453,252629,-1,-1,249922,248906,247921,247040,246167,-1,-1,242995,-1,240827,240076,-1,238729,237062,235858,234678,233879,-1,232487,-1,-1,229836,229360,228868,228358,227879,-1,227128
samsung smart switch mobile,101494,-1,101333,101262,-1,-1,-1,100802,100691,100601,100443,100321,-1,-1,99911,99776,99639,99549,99427,-1,-1,99095,98990,98854,98714,98583,-1,-1,98135,-1,97880,97759,-1,97581,97398,97224,97008,96921,-1,96741,-1,-1,96336,96267,96203,96123,96056,-1,95954
risky road,-1,-1,-1,-1,-1,-1,-1,15766,15653,15560,15426,15309,-1,-1,14875,14730,14581,14500,14349,-1,-1,13992,13883,13714,13564,13430,-1,-1,12887,-1,12542,12365,-1,12109,11812,11629,11383,11270,-1,11087,-1,-1,10632,10557,10474,10400,10320,-1,10181
risky road,-1,-1,-1,-1,-1,-1,-1,-1,-1,-1,-1,-1,-1,-1,-1,-1,-1,-1,-1,-1,-1,-1,-1,-1,-1,-1,-1,-1,-1,-1,-1,-1,-1,-1,-1,-1,-1,-1,-1,-1,-1,-1,-1,-1,-1,-1,-1,-1,-1
google play games,3235608,-1,3227207,3222920,-1,-1,-1,3201937,3196543,3192180,3185170,3178344,-1,-1,3162653,3156661,3150332,3145805,3139536,-1,-1,3125417,3120639,3115114,3109469,3104396,-1,-1,3089184,-1,3080719,3075899,-1,3068107,3060895,3055367,3049517,3045505,-1,3038043,-1,-1,3021091,3017019,3012168,3007493,3002629,-1,2995595
muslim pro,-1,-1,-1,-1,-1,-1,-1,-1,-1,-1,-1,-1,-1,-1,-1,-1,-1,-1,-1,-1,-1,-1,-1,-1,-1,-1,-1,-1,-1,-1,-1,-1,-1,-1,-1,-1,-1,-1,-1,-1,-1,-1,-1,-1,-1,-1,543928,-1,540579
kiwi,-1,-1,-1,-1,-1,-1,-1,-1,-1,-1,-1,-1,-1,-1,-1,-1,-1,-1,-1,-1,-1,-1,-1,-1,-1,-1,-1,-1,-1,-1,-1,-1,-1,-1,-1,-1,-1,-1,-1,431096,-1,-1,429776,429373,428878,428356,427690,-1,426596
adobe acrobat reader,2370491,-1,2369059,2368310,-1,-1,-1,2364393,2363240,2362596,2360226,2359561,-1,-1,2357326,2356503,2355666,2355067,2354130,-1,-1,2351866,2351352,2350157,2349200,2348440,-1,-1,2345971,-1,2344483,2343617,-1,2342410,2341231,2340220,2338964,2338143,-1,2336535,-1,-1,2333270,2331764,2330615,2329909,2329191,-1,2328185
mekorama,-1,-1,-1,-1,-1,-1,-1,-1,-1,-1,-1,-1,-1,-1,-1,-1,-1,-1,-1,-1,-1,-1,-1,-1,-1,-1,-1,-1,-1,-1,-1,-1,-1,-1,-1,-1,-1,-1,-1,-1,-1,-1,67278,66609,65852,65035,64067,-1,62234
google docs,454972,-1,454204,453609,-1,-1,-1,451592,451165,450799,450266,449806,-1,-1,448472,447882,447064,446567,446081,-1,-1,444988,444516,443988,443534,443096,-1,-1,441772,-1,441049,440609,-1,439964,439325,438875,438358,437985,-1,437284,-1,-1,435956,435601,435194,434856,434347,-1,433840
badoo,2771700,-1,2768931,2767468,-1,-1,-1,2760369,2759019,2758216,2756088,2754771,-1,-1,2749021,2746816,2745778,2744581,2742557,-1,-1,2737523,2735699,2734073,2732510,2730537,-1,-1,2725599,-1,2722759,2721120,-1,2718592,2716220,2714710,2712623,2711087,-1,2707956,-1,-1,2701953,2700309,2698310,2696216,2694122,-1,2691245
waze,5132583,-1,5128387,5126758,-1,-1,-1,5120411,5118851,5117995,5115890,5114639,-1,-1,5109393,5107719,5105877,5104659,5102163,-1,-1,5095947,5092796,5090887,5089091,5087382,-1,-1,5081151,-1,5077504,5075764,-1,5073434,5070770,5068638,5065865,5064082,-1,5060955,-1,-1,5054224,5051717,5047982,5044749,5041393,-1,5036514
amazon shopping,484248,-1,483291,482785,-1,-1,-1,480478,479915,479608,478865,478397,-1,-1,476500,475800,475038,474665,474030,-1,-1,472453,471893,471212,470514,469772,-1,-1,467883,-1,466821,466244,-1,465419,464522,464047,463139,462492,-1,461357,-1,-1,459549,459173,458626,458118,457528,-1,456632
cm security applock antivirus,19270998,-1,19244074,19229280,-1,-1,-1,19169539,19151380,19142569,19124292,19108328,-1,-1,19062614,19046258,19030015,19016953,18998461,-1,-1,18949591,18933618,18917147,18900355,18884342,-1,-1,18837923,-1,18808319,18792453,-1,18768370,18745726,18729284,18709684,18693857,-1,18667301,-1,-1,18608858,18592865,18576535,18560630,18544144,-1,18519516
mcdonald's canada,-1,-1,4127,4125,-1,-1,-1,-1,-1,-1,4112,4111,-1,-1,4101,4098,4099,4096,4094,-1,-1,4087,4085,4086,4081,4078,-1,-1,4067,-1,4059,-1,-1,4054,4047,4041,4035,4035,-1,4028,-1,-1,4011,4007,4001,3995,3991,-1,3984
twitter,7928787,-1,7917522,7912559,-1,-1,-1,7886308,7879947,7874501,7865770,7859987,-1,-1,7839994,7833236,7826340,7820922,7813190,-1,-1,7793677,7789128,7781353,7774638,7767451,-1,-1,7749189,-1,7738511,7732093,-1,7721906,7713324,7708158,7699854,7694084,-1,7682719,-1,-1,7662947,7657782,7652964,7647079,7640802,-1,7631986
hopper,7241,-1,7179,7139,-1,-1,-1,7039,7004,6985,6923,6884,-1,-1,6793,6768,6734,6712,6682,-1,-1,6597,6569,6531,6491,6448,-1,-1,6339,-1,6284,6252,-1,-1,-1,6170,6156,6151,-1,6145,-1,-1,6018,5989,5950,5906,5869,-1,5790
avg antivirus free for android,-1,-1,-1,-1,-1,-1,-1,-1,-1,4939199,4934114,4930043,-1,-1,4917490,4912669,4908687,4905790,4901578,-1,-1,4891550,4888261,4883694,4880030,4876500,-1,-1,4867287,-1,4861442,4857524,-1,4851191,4844203,4839953,4833189,4828796,-1,4823256,-1,-1,4812430,4809640,4807311,4804357,4801569,-1,4797131
ninja turtles,-1,-1,-1,-1,-1,-1,-1,-1,-1,-1,-1,-1,-1,-1,-1,-1,-1,97822,97009,-1,-1,94306,93464,92448,91567,90626,-1,-1,87505,-1,85455,84272,-1,82420,80296,79012,76870,75537,-1,72971,-1,-1,53767,40749,37871,36313,33834,-1,30647
piano tiles 2,4923535,-1,4912998,4906947,-1,-1,-1,4880108,4873348,4867965,4859930,4852763,-1,-1,4829708,4822079,4814863,4808774,4799700,-1,-1,4776462,4769054,4761057,4753141,4745178,-1,-1,4720258,-1,4706468,4699139,-1,4689061,4675842,4668661,4658152,4651266,-1,4639578,-1,-1,4614263,4607849,4601330,4594794,4586446,-1,4575160
sing! karaoke by smule,1079968,-1,1072290,1069304,-1,-1,-1,1055850,1051918,1050053,1045585,1043013,-1,-1,1031602,1027485,1023580,1020256,1014226,-1,-1,998470,994031,987124,977488,972871,-1,-1,959666,-1,952475,949192,-1,943614,938134,934538,929010,925091,-1,918134,-1,-1,898399,894546,890258,887012,881797,-1,875093
subway surfers,19975532,-1,19952204,19944661,-1,-1,-1,19908809,19900508,19896107,19884570,19878058,-1,-1,19849993,19840395,19831078,19823409,19812261,-1,-1,19781800,19772525,19762257,19752112,19742090,-1,-1,19709015,-1,19686577,19672832,-1,19656505,19642482,19631605,19620100,19610164,-1,19591174,-1,-1,19549779,19532255,19522377,19514523,19506011,-1,19492412
brain it on!,218538,-1,217811,217374,-1,-1,-1,215149,214552,214116,213403,212763,-1,-1,210267,209339,208393,207697,206662,-1,-1,203801,202686,201440,200251,199149,-1,-1,196062,-1,193850,192650,-1,190909,189033,187987,186143,185070,-1,183277,-1,-1,179077,178189,177177,176304,174959,-1,173260
solitaire,281074,-1,280091,279722,-1,-1,-1,277680,277222,276942,276265,275843,-1,-1,274337,273869,273405,273025,272490,-1,-1,271077,270740,270117,269555,269001,-1,-1,267460,-1,266694,266261,-1,265599,264980,264640,264075,263771,-1,263019,-1,-1,261362,261025,260545,260098,259592,-1,258770
clash of clans,28090501,-1,28060416,28043381,-1,-1,-1,27969278,27947916,27937880,27917342,27899401,-1,-1,27842333,27821360,27800486,27782151,27759755,-1,-1,27700413,27681666,27661218,27641078,27620462,-1,-1,27551627,-1,27514687,27495583,-1,27464594,27436755,27414961,27391630,27372348,-1,27336369,-1,-1,27263333,27243483,27222456,27202083,27180365,-1,27147107
google calendar,572926,-1,572074,571767,-1,-1,-1,570006,569359,568939,567337,567049,-1,-1,565732,565194,564734,564456,563779,-1,-1,562044,560604,559919,559490,559043,-1,-1,557807,-1,557231,556902,-1,556415,555883,555546,555016,554814,-1,554178,-1,-1,553122,552897,552511,552176,551766,-1,551077
rbc mobile,18731,-1,18718,18703,-1,-1,-1,18658,18643,18639,18623,18615,-1,-1,18577,18563,18549,18543,18532,-1,-1,18500,18489,18482,18473,18464,-1,-1,18406,-1,18384,18369,-1,18356,18340,18332,18316,18306,-1,18286,-1,-1,18265,18256,18247,18235,18219,-1,18210
temple run 2,6391880,-1,6388254,6386907,-1,-1,-1,6376726,6374213,6372179,6369906,6368471,-1,-1,6361618,6359277,6357122,6355299,6353162,-1,-1,6345349,6343230,6340806,6338508,6336294,-1,-1,6328844,-1,6324729,6322149,-1,6318133,6314249,6311926,6308247,6305534,-1,6301578,-1,-1,6291774,6290170,6288006,6286143,6283999,-1,6280179
moments,647958,-1,645365,643798,-1,-1,-1,638180,636887,635833,634144,632536,-1,-1,627327,625736,624363,623402,622007,-1,-1,618097,616992,615324,613690,611913,-1,-1,604968,-1,589951,582230,-1,578691,575420,573014,570084,567794,-1,562175,-1,-1,544694,543191,541585,539707,537547,-1,534329
google translate,4289249,-1,4286205,4284537,-1,-1,-1,4274896,4271710,4270505,4267455,4265568,-1,-1,4255798,4253138,4251157,4249524,4247288,-1,-1,4241373,4239581,4237306,4235101,4233027,-1,-1,4227026,-1,4223573,4221626,-1,4218478,4215045,4213293,4210600,4209007,-1,4206018,-1,-1,4200162,4198776,4197080,4195350,4193623,-1,4191198
vlc for android,501065,-1,499576,498774,-1,-1,-1,494201,492925,491969,490358,488886,-1,-1,484073,482802,481471,480409,478658,-1,-1,474741,473717,472446,471227,469919,-1,-1,464819,-1,462429,461244,-1,459386,457519,456270,454061,452466,-1,450916,-1,-1,446128,444406,442612,439982,439134,-1,437887
ketchapp basketball,-1,-1,-1,22644,-1,-1,-1,21933,21734,21569,21296,21056,-1,-1,20336,20069,19748,19473,19116,-1,-1,18218,17980,17610,17234,16992,-1,-1,15793,-1,14947,14531,-1,13887,13146,12692,11944,11461,-1,10776,-1,-1,8951,8596,8151,7699,7250,-1,6570
linkedin,923341,-1,922536,922027,-1,-1,-1,920075,919367,-1,918075,917573,-1,-1,916275,915677,914971,914447,913764,-1,-1,912429,912028,911139,910465,909848,-1,-1,908456,-1,907453,906937,-1,905955,905281,904693,903932,903245,-1,902098,-1,-1,900584,900012,899262,898641,898058,-1,897459
candy crush jelly saga,740283,-1,738913,738143,-1,-1,-1,734259,733261,732729,731453,730688,-1,-1,726766,725659,724768,723859,722647,-1,-1,719431,718465,717248,716055,714912,-1,-1,709452,-1,707012,705891,-1,704216,702443,701419,699667,698503,-1,696265,-1,-1,691776,690646,689358,688194,687056,-1,685386
grow castle,-1,-1,-1,-1,-1,-1,-1,-1,-1,-1,-1,-1,-1,-1,38484,38049,37295,36553,35399,-1,-1,32385,31671,31063,30531,29921,-1,-1,28018,-1,26955,26446,-1,25705,24725,23893,22835,21933,-1,19221,-1,-1,16696,16261,15721,15023,14668,-1,14091
google earth,1893919,-1,1892874,1892322,-1,-1,-1,1889452,1888726,1888134,1887295,1886510,-1,-1,1884079,1883143,1882175,1881464,1880530,-1,-1,1877573,1876566,1875450,1874503,1873659,-1,-1,1870973,-1,1869303,1868477,-1,1867360,1866012,1864971,1863673,1862959,-1,1861448,-1,-1,1858968,1858401,1857752,1857055,1856294,-1,1855321
shoppers drug mart,19150,-1,19109,19080,-1,-1,-1,18986,18970,18954,18917,18893,-1,-1,18791,18767,18743,18722,18691,-1,-1,18600,18568,18538,18517,18486,-1,-1,18382,-1,18332,18318,-1,18281,18238,18201,18172,18151,-1,18113,-1,-1,18003,17977,17946,17904,17873,-1,17831
airbnb,114262,-1,113966,113748,-1,-1,-1,113066,112800,112718,112525,112370,-1,-1,111938,111759,111558,111332,111136,-1,-1,110730,110560,110368,110092,109910,-1,-1,109361,-1,109044,108877,-1,108578,108330,108174,107946,107799,-1,107508,-1,-1,106923,106833,106715,106630,106520,-1,106327
imo free video calls and chat,2452946,-1,2448292,2445882,-1,-1,-1,2433266,2430217,2428521,2424003,2421615,-1,-1,2410735,2406972,2402900,2400317,2395963,-1,-1,2386833,2383891,2380468,2376981,2373385,-1,-1,2361511,-1,2355402,2352644,-1,2347794,2343191,2339577,2335554,2332033,-1,2325597,-1,-1,2315530,2312732,2309956,2307226,2304442,-1,2300132
mmx hill climb,-1,-1,-1,-1,-1,-1,-1,-1,-1,-1,77462,77276,-1,-1,76335,75955,75592,75333,74906,-1,-1,73675,73373,72994,72605,72223,-1,-1,-1,-1,-1,-1,-1,-1,-1,-1,-1,66534,-1,65590,-1,-1,63739,63242,62607,61934,61127,-1,59835
juice jam,-1,-1,-1,-1,-1,-1,-1,-1,-1,-1,-1,-1,-1,-1,-1,-1,-1,242427,242150,-1,-1,241330,241123,240783,240390,240158,-1,-1,239102,-1,238414,-1,-1,237498,237067,236794,236435,236148,-1,235627,-1,-1,234438,234171,233820,233315,232901,-1,232226
go sms pro,2549832,-1,2549087,2548750,-1,-1,-1,-1,-1,-1,-1,-1,-1,-1,-1,-1,-1,-1,-1,-1,-1,-1,-1,-1,-1,-1,-1,-1,-1,-1,2535588,-1,-1,-1,2533303,2532680,2532001,2531563,-1,2530635,-1,-1,2528639,2528130,2527539,2526879,2526201,-1,2525164
apple music,89601,-1,87890,87688,-1,-1,-1,86846,86641,86462,86185,86001,-1,-1,85276,85053,84819,84639,84349,-1,-1,83527,83247,82932,82638,82382,-1,-1,81459,-1,80967,80797,-1,80433,80068,79752,79408,79213,-1,78785,-1,-1,77964,77754,77552,77345,77131,-1,76855
wheel of fortune free play,8790,-1,8753,8742,-1,-1,-1,8686,8669,8660,8646,8633,-1,-1,8585,8572,8551,8530,8513,-1,-1,8429,8408,8350,8327,8297,-1,-1,8209,-1,8149,8118,-1,8084,8037,8002,7977,7952,-1,7910,-1,-1,7821,7794,7766,7745,7721,-1,7673
calorie counter,1354729,-1,1353501,1352785,-1,-1,-1,1350389,1349642,1349061,1348090,1347401,-1,-1,1345311,1344467,1343586,1342874,1341848,-1,-1,1339753,1338873,1337968,1337170,1336456,-1,-1,1334951,-1,1333513,1332633,-1,1331529,1330749,1330215,1329113,1328245,-1,1327072,-1,-1,1325126,1324511,1323900,1323064,1322247,-1,1321139
mobile strike,456574,-1,454744,453692,-1,-1,-1,448458,447095,445970,444480,443238,-1,-1,439075,437693,436349,435174,433484,-1,-1,428900,427483,425910,424464,423122,-1,-1,418721,-1,416098,414700,-1,412421,410030,408126,405667,403096,-1,400584,-1,-1,395590,394557,393417,392267,391133,-1,389199
mobile strike,-1,-1,-1,-1,-1,-1,-1,-1,-1,-1,-1,-1,-1,-1,-1,-1,-1,-1,-1,-1,-1,-1,-1,-1,-1,-1,-1,-1,-1,-1,-1,-1,-1,-1,-1,-1,-1,-1,-1,-1,-1,-1,-1,-1,-1,-1,-1,-1,-1
google cast,352031,-1,351848,351733,-1,-1,-1,351064,350874,350722,350508,350324,-1,-1,349771,349608,349425,349298,349121,-1,-1,348645,348472,348291,348104,347918,-1,-1,347291,-1,346923,346736,-1,346449,346074,345829,345620,345485,-1,345125,-1,-1,343744,343605,343424,343308,343137,-1,342980
cineplex mobile,18318,-1,18291,18284,-1,-1,-1,18228,18217,18212,18194,18180,-1,-1,18143,18132,18125,18107,18084,-1,-1,18047,18036,18024,18002,17985,-1,-1,17927,-1,17890,17878,-1,17860,17835,17809,17792,17764,-1,17732,-1,-1,17651,17626,17600,17547,17489,-1,17485
westjet,2470,-1,2466,2464,-1,-1,-1,2451,2445,2441,2438,2431,-1,-1,2420,2415,2408,2406,2402,-1,-1,2392,2391,2388,2379,2375,-1,-1,2362,-1,2356,2354,-1,2350,2348,2347,2344,2344,-1,2338,-1,-1,2329,2328,2326,2324,2319,-1,2313
roblox,615289,-1,610331,607332,-1,-1,-1,597984,595556,594007,589863,586923,-1,-1,578800,576300,574173,572189,569317,-1,-1,562442,560309,557862,555301,552012,-1,-1,543906,-1,539419,537534,-1,534372,530477,526958,521642,519586,-1,515999,-1,-1,509429,507777,506018,504410,502719,-1,499918
plants vs. zombies heroes,-1,-1,-1,-1,-1,-1,-1,-1,-1,-1,-1,-1,-1,-1,8117,-1,-1,7784,7730,-1,-1,7636,7591,7541,7490,7448,-1,-1,7283,-1,7170,7132,-1,7066,6992,6955,6862,6814,-1,6729,-1,-1,6519,6454,6379,6298,6203,-1,6087
cibc mobile banking,8754,-1,8747,8745,-1,-1,-1,8739,8735,8731,8728,8728,-1,-1,8714,8713,8707,8702,8696,-1,-1,8687,8687,8682,8678,8676,-1,-1,8662,-1,8646,8642,-1,8638,8631,8631,8628,8623,-1,8617,-1,-1,8611,8605,8605,8602,8600,-1,8600
pc plus,63238,-1,62901,62797,-1,-1,-1,62060,61480,61266,61192,61188,-1,-1,61162,61151,61145,61143,61132,-1,-1,61098,61064,61021,60991,60969,-1,-1,60833,-1,60715,60683,-1,60634,60587,60542,60449,60417,-1,60355,-1,-1,60206,60131,60087,60052,60016,-1,59967
chrome browser,5145797,-1,5132140,5125850,-1,-1,-1,5098443,5090989,5084836,5077348,5070738,-1,-1,5051142,5044155,5037329,5031746,5023460,-1,-1,5004303,4998023,4990419,4983062,4975835,-1,-1,4954016,-1,4941092,4933464,-1,4922215,4911924,4905692,4895450,4888726,-1,4876571,-1,-1,4850710,4843719,4837122,4829095,4819004,-1,4806485
uefa euro 2016 official app,-1,-1,-1,-1,-1,-1,-1,-1,-1,-1,-1,-1,-1,-1,-1,-1,-1,-1,-1,-1,-1,-1,-1,-1,35820,-1,-1,-1,34688,-1,33954,33572,-1,33048,32160,31685,30731,30463,-1,29719,-1,-1,27475,27036,26361,25769,25109,-1,24194
firefox for android,-1,-1,-1,-1,-1,-1,-1,-1,-1,-1,-1,-1,-1,-1,-1,-1,-1,-1,-1,-1,-1,-1,-1,-1,-1,-1,-1,-1,-1,-1,-1,-1,-1,-1,-1,-1,-1,-1,-1,-1,-1,-1,2404198,2403072,2401803,2400624,2399381,-1,2397715
my talking angela,5312325,-1,5302950,5297713,-1,-1,-1,5272746,5265553,5258810,5250513,5244433,-1,-1,5224659,5218667,5211847,5206053,5197991,-1,-1,5177636,5172820,5165988,5158044,5152979,-1,-1,5132399,-1,5122033,5116162,-1,5108330,5099652,5092988,5085186,5079589,-1,5069937,-1,-1,5047099,5039233,5027805,5022618,5017481,-1,5008907
boomerang from instagram,261225,-1,258864,257523,-1,-1,-1,251368,249745,248422,246393,244719,-1,-1,239392,237824,236253,235058,233171,-1,-1,228695,227169,225486,223566,222279,-1,-1,216590,-1,213313,211792,-1,209794,207239,206006,204006,202816,-1,200805,-1,-1,196678,195784,194881,194047,193176,-1,191664
yahoo mail,-1,-1,-1,-1,-1,-1,-1,-1,-1,-1,-1,-1,-1,-1,-1,-1,3018390,3016577,3013799,-1,-1,3008079,3005939,3003638,3001339,2998989,-1,-1,2992934,-1,2988724,2986349,-1,2982908,2980199,2978319,2974947,2972446,-1,2968202,-1,-1,2959978,2957081,2954825,2951715,2948520,-1,2944144
cooking fever,1469891,-1,1466516,1465069,-1,-1,-1,1456814,1454838,1453402,1451204,1449736,-1,-1,1443281,1441135,1438941,1437358,1435140,-1,-1,1428802,1427110,1424745,1421917,1419649,-1,-1,1412383,-1,1408245,1405962,-1,1402412,1398547,1396336,1392945,1390606,-1,1385864,-1,-1,1376905,1375318,1373379,1371508,1369457,-1,1365767
my alarm clock free,293370,-1,292710,292453,-1,-1,-1,291052,290691,290397,289969,289616,-1,-1,288569,288285,287966,287763,287391,-1,-1,286665,286470,286107,285796,285458,-1,-1,284725,-1,284222,283944,-1,283427,282896,282602,282126,281868,-1,281191,-1,-1,279965,279682,279181,278598,278058,-1,277314
fitbit,187249,-1,186852,186587,-1,-1,-1,185522,185262,185066,184585,184353,-1,-1,183589,183392,183165,182939,182644,-1,-1,181768,181449,181069,180611,180308,-1,-1,179416,-1,178810,178485,-1,178061,177501,177016,176280,175718,-1,175271,-1,-1,174715,174566,174386,174191,173918,-1,173648
agar.io,3171190,-1,3167716,3166295,-1,-1,-1,3157599,3155041,3152771,3149956,3148060,-1,-1,3139654,3136764,3134187,3132492,3129902,-1,-1,3122675,3120848,3118295,3115230,3112992,-1,-1,3102072,-1,3096777,3092683,-1,3087275,3084059,3082062,3079207,3077302,-1,3074302,-1,-1,3066799,3065247,3063213,3061481,3059473,-1,3055846
kik,2171442,-1,2169768,2168969,-1,-1,-1,2165304,2164393,2163687,2162622,2161811,-1,-1,2158812,2157795,2156749,2155762,2154624,-1,-1,2151966,2151005,2149938,2148845,2147770,-1,-1,2143377,-1,2142686,2141532,-1,2140342,2138904,2137645,2136485,2135445,-1,2133495,-1,-1,2130498,2129608,2127881,2127770,2126864,-1,2125588
audiobooks from audible,267823,-1,267018,266575,-1,-1,-1,264607,264143,263769,263175,262678,-1,-1,261412,260894,260407,260007,259411,-1,-1,257989,257621,257112,256479,256082,-1,-1,254634,-1,253609,253183,-1,252473,251847,251304,250747,250300,-1,249541,-1,-1,247931,247452,246979,246517,245984,-1,245315
scotiabank mobile banking,13800,-1,13762,13752,-1,-1,-1,13710,13698,13694,13689,13679,-1,-1,13660,13652,13643,13634,13618,-1,-1,13595,13588,13582,13573,13569,-1,-1,13538,-1,13528,13521,-1,13502,13485,13481,13459,13439,-1,13422,-1,-1,13403,13397,13391,13389,13388,-1,13383
8 ball pool,7203708,-1,7192829,7186473,-1,-1,-1,7159951,7153030,7148136,7140092,7133163,-1,-1,7112039,7104360,7096770,7090699,7080311,-1,-1,7052460,7043829,7034856,7023683,7014260,-1,-1,6995030,-1,6983558,6976873,-1,6966567,6956174,6948894,6939982,6932607,-1,6919662,-1,-1,6894908,6888829,6882188,6875708,6868848,-1,6859329
survive,-1,-1,-1,-1,-1,-1,-1,-1,-1,-1,85847,85745,-1,-1,85098,84878,84676,84523,84282,-1,-1,83684,83414,83151,82890,82655,-1,-1,81910,-1,81342,-1,-1,80737,80342,80074,79776,79593,-1,79272,-1,-1,78664,78553,78454,78352,78205,-1,77989
angry birds,4902613,-1,4901572,4900963,-1,-1,-1,4897675,4896701,4896211,4895095,4894304,-1,-1,4891321,4890093,4888638,4887659,4886174,-1,-1,4881991,4880774,4879531,4878267,4877057,-1,-1,4872911,-1,4870663,4869605,-1,4867604,4865626,4864189,4862624,4861363,-1,4858874,-1,-1,4854220,4853109,4851813,4850574,4849330,-1,4847336
microsoft excel,292877,-1,291575,291082,-1,-1,-1,288183,287416,286797,285779,285266,-1,-1,283440,282687,282021,281526,280838,-1,-1,279283,278831,278038,277376,276724,-1,-1,275187,-1,274034,273419,-1,272569,271781,271132,270072,269377,-1,267990,-1,-1,266264,265794,265256,264755,264226,-1,263481
roll the ball,405044,-1,403997,403429,-1,-1,-1,400578,399878,399336,398374,397527,-1,-1,394121,392828,391554,390500,388927,-1,-1,384724,383419,381997,380356,379309,-1,-1,376007,-1,373828,372645,-1,370988,369392,368485,367060,366031,-1,364282,-1,-1,360433,359702,358741,357781,356641,-1,354645
yelp,296814,-1,296479,296284,-1,-1,-1,295459,295254,295100,294881,294699,-1,-1,294045,293867,293670,293549,293377,-1,-1,292673,292502,292317,292145,291972,-1,-1,291273,-1,290929,290762,-1,290532,290248,290035,289765,289587,-1,289282,-1,-1,288544,288367,288221,288048,287895,-1,287613
groupon,1027680,-1,1026566,1025869,-1,-1,-1,1022908,1022231,1021835,1021109,1020478,-1,-1,1018668,1018105,1017565,1017002,1016135,-1,-1,1014357,1013711,1013108,1012558,1012089,-1,-1,1010375,-1,1009271,1008759,-1,1008074,1007190,1006775,1005986,1005373,-1,1004537,-1,-1,1002404,1001826,1001341,1000829,1000106,-1,999353
ebay,1735801,-1,1732274,1730249,-1,-1,-1,1722176,1719711,1718435,1715644,1713985,-1,-1,1708030,1705928,1704541,1703652,1701468,-1,-1,1695662,1693669,1691452,1689108,1686779,-1,-1,1679157,-1,1673535,1670532,-1,1666170,1661350,1657653,1653434,1650362,-1,1649622,-1,-1,1648370,1648024,1647651,1647237,1646857,-1,1646262
my talking tom,10363949,-1,10351615,10349318,-1,-1,-1,10315549,10305842,10300484,10292237,10286661,-1,-1,10261438,10254493,10245331,10237907,10227670,-1,-1,10198275,10191159,10178223,10167753,10156559,-1,-1,10125203,-1,10102726,10094837,-1,10084998,10076064,10069501,10062998,10057836,-1,10047786,-1,-1,10028136,10022948,10017468,10012503,10007255,-1,9998796
pof free dating app,811811,-1,810629,809684,-1,-1,-1,807093,806639,806323,805689,805241,-1,-1,803561,803001,802534,802115,801575,-1,-1,800066,799532,798914,798287,797626,-1,-1,795273,-1,794242,793816,-1,793110,792349,791905,791317,790808,-1,789890,-1,-1,787937,787336,786670,785999,785334,-1,784444
multicraftfree miner!,-1,-1,-1,-1,-1,-1,-1,340482,339290,338345,336571,335199,-1,-1,329435,327477,325506,323670,321847,-1,-1,315120,314216,311782,310021,308078,-1,-1,301149,-1,297489,295137,-1,291909,288780,286623,283726,282493,-1,279413,-1,-1,271602,269975,268074,266382,264185,-1,260465
gif keyboard,119899,-1,119367,119108,-1,-1,-1,117785,117466,117181,116783,116429,-1,-1,115349,114992,114640,114379,114090,-1,-1,113145,112877,112522,112147,111803,-1,-1,110749,-1,109967,109694,-1,109155,108653,108282,107811,107491,-1,106877,-1,-1,105581,105254,104921,104537,104178,-1,103664
vector 2,-1,-1,-1,-1,-1,-1,-1,-1,-1,-1,-1,-1,-1,-1,-1,-1,-1,246650,244924,-1,-1,239495,237773,235845,233944,232050,-1,-1,226072,-1,221951,-1,-1,217013,213526,211118,208103,206248,-1,203455,-1,-1,196665,194959,193118,191255,189177,-1,185473
hockey stars,-1,-1,-1,-1,-1,-1,-1,-1,-1,-1,-1,-1,-1,-1,-1,-1,-1,-1,-1,-1,-1,-1,-1,-1,-1,-1,-1,-1,-1,-1,-1,-1,-1,-1,-1,-1,-1,-1,-1,-1,-1,-1,-1,-1,-1,22499,22249,-1,21829
tap emoji keyboard,77863,-1,75430,74591,-1,-1,-1,69216,68182,67326,65885,64593,-1,-1,59246,57551,55890,54384,52641,-1,-1,47991,-1,-1,-1,-1,-1,-1,-1,-1,-1,-1,-1,-1,-1,-1,-1,-1,-1,-1,-1,-1,-1,-1,-1,27995,-1,-1,-1
job search,398771,-1,397623,396972,-1,-1,-1,394792,394154,393580,392750,392034,-1,-1,390608,389925,389402,388799,387990,-1,-1,386531,385936,385213,384518,383894,-1,-1,382521,-1,381396,380802,-1,380149,379612,379182,378448,377871,-1,376905,-1,-1,375383,374892,374210,373582,372984,-1,372444
hot shot slots fruit machines,-1,-1,-1,-1,-1,-1,-1,-1,-1,-1,-1,-1,-1,-1,-1,-1,-1,-1,-1,-1,-1,-1,-1,-1,-1,-1,-1,-1,-1,-1,-1,-1,-1,-1,-1,723,675,658,-1,599,-1,-1,483,449,422,387,348,-1,300
last empire-war z,482409,-1,480315,-1,-1,-1,-1,473598,471811,470988,-1,-1,-1,-1,-1,-1,-1,-1,-1,-1,-1,-1,-1,-1,-1,447686,-1,-1,444338,-1,442058,-1,-1,438273,436469,435217,433452,431309,-1,-1,-1,-1,424876,423248,422259,421618,420957,-1,419860
dropbox,1497211,-1,1495743,1494954,-1,-1,-1,1490407,1489351,1488713,1487541,1486693,-1,-1,1484158,1483282,1482381,1481631,1480531,-1,-1,1476946,1476196,1474899,1473728,1472686,-1,-1,1470046,-1,1467825,1466614,-1,1465141,1463624,1462178,1461057,1460164,-1,1458713,-1,-1,1455626,1454830,1453793,1452488,1451415,-1,1450221
realtor.ca,8139,-1,8121,8117,-1,-1,-1,8090,8086,8082,8076,8072,-1,-1,8053,8048,8046,8036,8024,-1,-1,8005,8000,7996,7992,7983,-1,-1,7964,-1,7944,7938,-1,7929,7919,7912,7908,7903,-1,7894,-1,-1,7869,7861,7856,7850,7843,-1,7831
tunein radio,1207277,-1,1205688,1204699,-1,-1,-1,1200910,1200304,1199782,1198778,1197860,-1,-1,1195043,1194121,1193190,1192462,1191287,-1,-1,1188494,1187420,1186269,1185035,1183880,-1,-1,1180540,-1,1178391,1177261,-1,1175814,1174413,1173441,1172244,1171421,-1,1169382,-1,-1,1165864,1164992,1164258,1163468,1162535,-1,1161324
hungry shark world,-1,-1,-1,-1,-1,-1,-1,380492,379193,378096,376659,375426,-1,-1,370505,368427,366257,364519,362367,-1,-1,355351,353181,351116,349073,347099,-1,-1,340831,-1,337002,335221,-1,331840,328398,325493,322456,320366,-1,316363,-1,-1,308317,306322,304316,302827,301204,-1,298520
google sheets,295494,-1,294952,294599,-1,-1,-1,293212,292872,292691,292304,292064,-1,-1,291076,290640,290211,289966,289609,-1,-1,288895,288589,288262,287932,287620,-1,-1,286660,-1,286088,285766,-1,285322,284884,284530,284103,283822,-1,283311,-1,-1,282241,281756,281506,281273,280995,-1,280666
tumblr,2150491,-1,2148023,2146703,-1,-1,-1,2140268,2138713,2137698,2135473,2134111,-1,-1,2129358,2127493,2125667,2124289,2122417,-1,-1,2117496,2115922,2114199,2112426,2110690,-1,-1,2104830,-1,2101846,2100327,-1,2098274,2096113,2094412,2092600,2091156,-1,2088358,-1,-1,2082973,2081360,2079681,2078156,2076519,-1,2074384
google slides,142719,-1,142502,142341,-1,-1,-1,141918,141820,141730,141628,141548,-1,-1,141138,140931,140846,140767,140663,-1,-1,140408,140317,140137,140019,139921,-1,-1,139504,-1,139333,-1,-1,139044,138836,138728,138550,138480,-1,138251,-1,-1,137928,137882,137752,137670,137572,-1,137464
game of war,1266822,-1,1265311,1264428,-1,-1,-1,1260423,1259452,1258981,1257806,1257097,-1,-1,1254154,1253246,1252516,1251769,1250184,-1,-1,1247468,1246673,1245633,1244533,1243424,-1,-1,1239653,-1,1235672,1228724,-1,1227581,1226346,1225471,1224459,1223752,-1,1222474,-1,-1,1219742,1219070,1218324,1217604,1216839,-1,1215700
disney crossy road,340734,-1,339594,338915,-1,-1,-1,335592,334644,333976,333087,332277,-1,-1,329322,328215,327142,326315,325052,-1,-1,321416,320518,319144,317956,316784,-1,-1,312914,-1,310714,309389,-1,307601,305403,304094,302174,301161,-1,299569,-1,-1,295236,294002,292853,291480,290005,-1,287125
tripadvisor hotels restaurants,858742,-1,857205,856369,-1,-1,-1,852403,851484,850906,849356,848123,-1,-1,844762,843898,843063,842561,841556,-1,-1,838763,837874,836776,835581,834685,-1,-1,831710,-1,830085,829257,-1,828118,826796,825821,824401,823622,-1,822398,-1,-1,819737,819100,818338,817670,816920,-1,815667
antivirus & security,4305833,-1,4302842,4301157,-1,-1,-1,4293342,4291247,4289584,4287152,4285210,-1,-1,4279117,4276910,4274526,4272648,4269462,-1,-1,4261600,4258840,4255981,4253247,4250573,-1,-1,4242575,-1,4237304,4234677,-1,4230972,4227351,4224726,4221942,4219813,-1,4215492,-1,-1,4205450,4203060,4200336,4197580,4194735,-1,4190560
candy crush soda saga,4523408,-1,4520195,4520217,-1,-1,-1,4510063,4505581,4504127,4501917,4500437,-1,-1,4493511,4491530,4489358,4487549,4485347,-1,-1,4479557,4477698,4475794,4473719,4471485,-1,-1,4465215,-1,4461159,4459008,-1,4456031,4452898,4451039,4448084,4445850,-1,4442263,-1,-1,4434933,4433207,4431612,4429671,4427628,-1,4424073
township,1788954,-1,1777824,1773958,-1,-1,-1,1755962,1751539,1747829,1742233,1737227,-1,-1,1720078,1714287,1708133,1702475,1690684,-1,-1,1638161,1629342,1623708,1618933,1613903,-1,-1,1599415,-1,1591226,1586861,-1,1579553,1572568,1568344,1561898,1557334,-1,1549082,-1,-1,1531293,1525442,1518024,1511956,1502462,-1,1490769
geometry dash lite,4769320,-1,4764290,4762592,-1,-1,-1,4747741,4742882,4740308,4736551,4733957,-1,-1,4723520,4720440,4717493,4715258,4711980,-1,-1,4703483,4701346,4698420,4695123,4692536,-1,-1,4683300,-1,4678222,4676070,-1,4672391,4668226,4665186,4662046,4659531,-1,4655058,-1,-1,4646073,4643760,4641328,4639167,4636877,-1,4633220
geometry dash meltdown,1008485,-1,1005208,1003371,-1,-1,-1,994377,992161,990896,987874,986128,-1,-1,979784,977934,976116,975040,972723,-1,-1,966985,965502,963199,961431,959587,-1,-1,953441,-1,950008,948194,-1,945783,942939,941218,938608,936954,-1,934445,-1,-1,928039,926482,925020,923493,921834,-1,918811
magic piano by smule,878752,-1,878277,878045,-1,-1,-1,876901,876609,876393,876049,875748,-1,-1,874622,874282,873898,873603,873227,-1,-1,872132,871778,871315,870926,870510,-1,-1,869277,-1,868626,868275,-1,867739,867100,866680,866229,865934,-1,865365,-1,-1,864132,863850,863579,863291,863010,-1,862592
reddit,56104,-1,53246,51291,-1,-1,-1,47886,47339,46865,46176,45641,-1,-1,43024,41696,39704,37882,36838,-1,-1,35099,34515,33691,32970,32182,-1,-1,29056,-1,24797,23442,-1,22786,22124,21723,20998,20503,-1,19680,-1,-1,17803,17177,16471,15664,14782,-1,13120
words with friendsplay free,629738,-1,629257,629012,-1,-1,-1,627801,627500,627190,626776,626385,-1,-1,624518,623260,622089,621528,621143,-1,-1,620024,619667,619341,619010,618677,-1,-1,617113,-1,615444,-1,-1,614391,613895,613542,613090,612686,-1,611501,-1,-1,610189,609755,609529,609273,609003,-1,608601
text me,273529,-1,273299,273231,-1,-1,-1,272762,272646,272544,272414,272315,-1,-1,271938,271814,271690,271623,271505,-1,-1,271194,271111,270994,270864,270748,-1,-1,270375,-1,270132,269987,-1,269836,269667,269528,269349,269225,-1,269002,-1,-1,268600,268491,268344,268222,268064,-1,267856
hill climb racing,7222245,-1,7218076,7215738,-1,-1,-1,7204550,7201897,7199893,7196629,7193857,-1,-1,7184563,7181356,7178207,7175762,7172489,-1,-1,7162552,7159444,7156029,7152728,7149602,-1,-1,7140362,-1,7134444,7130846,-1,7125995,7121730,7119038,7115398,7113054,-1,7108877,-1,-1,7098408,7095982,7093754,7091296,7088751,-1,7084270
autotrader.ca,27294,-1,27225,27194,-1,-1,-1,27029,26999,26980,26935,26897,-1,-1,26804,26779,26763,26749,26722,-1,-1,26685,26665,26645,26624,26603,-1,-1,26524,-1,26472,26451,-1,26428,26393,26377,26364,26353,-1,26308,-1,-1,26229,26200,26172,26152,26132,-1,26092
textnow,187428,-1,186823,186508,-1,-1,-1,185315,184987,184701,184320,183981,-1,-1,183112,182786,182444,182213,181903,-1,-1,181091,180781,180433,180099,179789,-1,-1,179007,-1,178428,178182,-1,177906,177532,177263,176947,176763,-1,176352,-1,-1,175593,175355,175112,174885,174667,-1,174382
youtube,11225945,-1,11171542,11157139,-1,-1,-1,11095563,11080891,11069405,11051682,11036060,-1,-1,10984083,10959962,10935457,10922319,10903442,-1,-1,10842978,10821755,10805408,10788189,10770559,-1,-1,10714364,-1,10679243,10665181,-1,10643616,10622415,10608121,10584877,10569500,-1,10541001,-1,-1,10474218,10449177,10425363,10408937,10391033,-1,10367736
blocky soccer,-1,-1,-1,-1,-1,-1,-1,-1,-1,-1,-1,-1,-1,-1,-1,-1,-1,-1,-1,-1,-1,-1,-1,-1,-1,-1,-1,-1,-1,-1,-1,-1,-1,-1,-1,-1,-1,-1,-1,-1,-1,-1,-1,-1,-1,10808,10560,-1,-1
gasbuddy,698044,-1,697865,697761,-1,-1,-1,697362,697239,697202,697071,697003,-1,-1,696735,696639,696578,696527,696415,-1,-1,696171,696097,695964,695867,695765,-1,-1,695487,-1,695275,695168,-1,695076,694959,694836,694723,694619,-1,694464,-1,-1,694192,694105,694030,693928,693843,-1,693731
flow free,1146258,-1,1145887,1145659,-1,-1,-1,1144526,1144220,1143978,1143617,1143388,-1,-1,1142211,1141890,1141519,1141277,1140795,-1,-1,1139963,1139689,1139283,1138904,1138591,-1,-1,1137664,-1,1137059,1136714,-1,1136272,1135762,1135349,1134877,1134611,-1,1134033,-1,-1,1133019,1132789,1132507,1132244,1132011,-1,1131639
pac-man,409945,-1,409520,409298,-1,-1,-1,407849,407523,407323,406792,406488,-1,-1,405041,404541,403979,403558,402918,-1,-1,400660,399271,397023,394882,392879,-1,-1,386232,-1,384331,383890,-1,383406,382768,382262,381662,381352,-1,380639,-1,-1,379265,378931,378567,378252,377956,-1,377537
rolling sky,190042,-1,186338,184549,-1,-1,-1,174979,172200,169664,165925,163197,-1,-1,151530,148146,145535,143372,140494,-1,-1,-1,-1,124982,122938,120888,-1,-1,113702,-1,109185,107107,-1,104212,100286,-1,-1,-1,-1,-1,-1,-1,-1,-1,81978,80719,79444,-1,77289
happn,592938,-1,591595,590783,-1,-1,-1,587683,586943,586338,585349,584489,-1,-1,582032,581199,580289,579569,578487,-1,-1,576374,575627,574770,573887,572959,-1,-1,570612,-1,569182,-1,-1,567288,566128,565511,564484,563662,-1,562087,-1,-1,559387,558595,557846,557046,556135,-1,554607
cascade,97935,-1,96728,96047,-1,-1,-1,92232,91482,91009,90075,89403,-1,-1,86686,85811,84968,84176,83032,-1,-1,79859,78928,77877,76911,75916,-1,-1,72542,-1,70282,69180,-1,67719,65674,63998,61801,60880,-1,58842,-1,-1,55512,54548,53554,52362,51038,-1,48385
power battery,229142,-1,227512,226680,-1,-1,-1,222820,221650,221049,219826,218773,-1,-1,215529,214422,213325,212333,211135,-1,-1,207342,206565,205050,203792,202522,-1,-1,198507,-1,195964,194757,-1,193145,191295,190002,188467,187569,-1,185817,-1,-1,182165,181498,180500,179522,178588,-1,176886
hearthstone heroes of warcraft,1014208,-1,1012674,1011802,-1,-1,-1,1007169,1005794,1004607,1002733,1001774,-1,-1,998266,996929,995493,994266,992555,-1,-1,986419,983095,973372,966552,965649,-1,-1,962881,-1,961401,-1,-1,959192,957950,957194,955998,955227,-1,953914,-1,-1,950862,950027,949091,948185,947152,-1,945257
traffic rider,3879969,-1,3873650,3869974,-1,-1,-1,3853440,3849170,3845824,3840692,3836355,-1,-1,3822725,3817883,3813143,3809390,3803839,-1,-1,3789405,3784264,3778912,3773852,3768800,-1,-1,3753705,-1,3744273,3739012,-1,3731217,3723562,3718946,3711747,3706803,-1,3698482,-1,-1,3679547,3674632,3669300,3664063,3658556,-1,3650378
tiny miner,439574,-1,429686,423830,-1,-1,-1,396428,390187,386415,376593,370903,-1,-1,-1,356848,355006,352766,350277,-1,-1,343283,341327,338556,335085,332729,-1,-1,322330,-1,316700,313577,-1,308569,303370,300596,295636,291703,-1,285846,-1,-1,272222,269180,266057,262183,257535,-1,250577
tiny miner,-1,-1,-1,-1,-1,-1,-1,-1,-1,-1,-1,-1,-1,-1,-1,-1,-1,-1,-1,-1,-1,-1,-1,-1,-1,-1,-1,-1,-1,-1,-1,-1,-1,-1,-1,-1,-1,-1,-1,-1,-1,-1,-1,-1,-1,-1,-1,-1,-1
air canada,717,-1,712,712,-1,-1,-1,694,689,686,683,676,-1,-1,661,660,657,654,650,-1,-1,643,642,641,640,638,-1,-1,632,-1,629,626,-1,620,614,611,607,604,-1,602,-1,-1,595,594,595,593,591,-1,589
starbucks,303121,-1,302055,301966,-1,-1,-1,300990,300846,300734,300561,300146,-1,-1,299419,298577,298427,298293,298090,-1,-1,297100,296989,296838,296535,296278,-1,-1,295664,-1,294668,294545,-1,294373,294146,294061,293886,293778,-1,293539,-1,-1,293156,293047,292945,292849,292755,-1,292578
duolingo,3092368,-1,3084444,3080206,-1,-1,-1,3061357,3055740,3051536,3045461,3040123,-1,-1,3025961,3021293,3016669,3013153,3008312,-1,-1,2996201,2991827,2987301,2982955,2978807,-1,-1,2967622,-1,2959982,2955760,-1,2950444,2944929,2941716,2936422,2932669,-1,2926737,-1,-1,2914661,2911132,2908126,2904628,2901142,-1,2896111
duolingo,-1,-1,-1,-1,-1,-1,-1,-1,-1,-1,-1,-1,-1,-1,-1,-1,-1,-1,-1,-1,-1,-1,-1,-1,-1,-1,-1,-1,-1,-1,-1,-1,-1,-1,-1,-1,-1,-1,-1,-1,-1,-1,-1,-1,-1,-1,-1,-1,-1
ticketmaster event tickets,25622,-1,25582,25556,-1,-1,-1,25483,25463,25445,25415,25402,-1,-1,25345,25324,25301,25283,25262,-1,-1,25199,25159,25134,25117,25101,-1,-1,25038,-1,24994,-1,-1,24963,24936,24915,24881,24867,-1,24832,-1,-1,24762,24735,24712,24680,24659,-1,24629
mandala coloring pages,143294,-1,142457,142119,-1,-1,-1,139866,139243,138828,138102,137455,-1,-1,136008,135551,135131,134788,134346,-1,-1,133089,132658,132139,131610,131133,-1,-1,129848,-1,129130,128764,-1,128109,127485,127006,126491,126077,-1,125309,-1,-1,123876,123532,123171,122789,122416,-1,121898
parallel spacemulti accounts,852170,-1,847047,845134,-1,-1,-1,-1,-1,-1,-1,-1,-1,-1,-1,-1,-1,807591,804453,-1,-1,795828,793844,790531,-1,-1,-1,-1,-1,-1,-1,-1,-1,-1,-1,-1,-1,-1,-1,-1,-1,-1,-1,695837,-1,-1,-1,-1,-1
tetris,179206,-1,179135,179106,-1,-1,-1,178923,178881,178853,178823,178768,-1,-1,178622,178565,178532,178490,178434,-1,-1,178286,178251,178210,178163,178118,-1,-1,177945,-1,177867,177802,-1,177704,177609,177552,177481,177429,-1,177344,-1,-1,177176,177141,177098,177057,177017,-1,176975
tetris,-1,-1,-1,-1,-1,-1,-1,-1,-1,-1,-1,-1,-1,-1,-1,-1,-1,-1,-1,-1,-1,-1,-1,-1,-1,-1,-1,-1,-1,-1,-1,-1,-1,-1,-1,-1,-1,-1,-1,-1,-1,-1,-1,-1,-1,-1,-1,-1,-1
booking.com hotel reservations,656273,-1,653838,652408,-1,-1,-1,647194,646000,-1,643761,642764,-1,-1,638901,637726,636773,635815,634257,-1,-1,630364,629036,627582,626061,624781,-1,-1,621383,-1,619087,617987,-1,616367,614818,613586,612009,610735,-1,608576,-1,-1,605223,604246,603363,602436,601389,-1,599951
shopkins,-1,-1,-1,-1,-1,-1,-1,-1,-1,-1,-1,-1,-1,-1,-1,79732,79556,79408,79211,-1,-1,78574,78431,78239,78000,77852,-1,-1,77047,-1,76636,76386,-1,76052,75644,75287,74921,74628,-1,74109,-1,-1,72995,72699,72409,72203,71988,-1,71672
speedtest.net,796093,-1,794973,793377,-1,-1,-1,791520,791096,790774,790227,789797,-1,-1,788387,787908,787389,787017,786556,-1,-1,785276,784843,784231,783690,783194,-1,-1,781549,-1,780558,780184,-1,779390,778632,778072,777466,777083,-1,776319,-1,-1,775078,774771,774442,774133,773842,-1,773466
bmo mobile banking,6519,-1,6515,6514,-1,-1,-1,6504,6502,6498,6491,6487,-1,-1,6483,6481,6477,6475,6472,-1,-1,6461,6455,6455,6455,6453,-1,-1,6443,-1,6421,6418,-1,6415,6412,6411,6408,6406,-1,6400,-1,-1,6394,6392,6389,6387,6385,-1,6382
temple run,3089420,-1,3087207,3086115,-1,-1,-1,3079443,3077899,3077074,3074885,3073556,-1,-1,3068571,3067041,3065516,3064347,3062720,-1,-1,3058345,3057062,3055669,3054254,3052816,-1,-1,3048402,-1,3046197,3045142,-1,3043025,3041062,3039598,3037962,3036682,-1,3034443,-1,-1,3029908,3028833,3027705,3026732,3025632,-1,3023961
music player,440488,-1,437611,435994,-1,-1,-1,428740,426970,425869,423525,422135,-1,-1,416910,415505,413762,412363,410244,-1,-1,405017,403304,401487,399696,397936,-1,-1,392852,-1,389556,388244,-1,385718,383310,381584,379630,378158,-1,375426,-1,-1,370756,369308,367866,366344,364868,-1,362758
doubledown casino,240589,-1,-1,-1,-1,-1,-1,239926,239842,239773,239645,239549,-1,-1,239201,239093,238993,238910,238790,-1,-1,238453,238354,238214,238092,237993,-1,-1,237632,-1,237483,-1,-1,237199,236999,236849,236697,236564,-1,236327,-1,-1,235909,235789,235640,235511,235358,-1,235163
plants vs. zombies free,2485850,-1,2482821,2481155,-1,-1,-1,2472591,2470509,2469281,2466401,2464724,-1,-1,2457324,2454582,2452070,2449647,2446693,-1,-1,2438942,2436923,2434111,2430830,2428770,-1,-1,2419095,-1,2414204,2411607,-1,2407419,2402692,2399975,2396310,2393974,-1,2390000,-1,-1,2381268,2379647,2377223,2374924,2372532,-1,2368328
nba live mobile,277672,-1,272605,269295,-1,-1,-1,254466,249501,246798,240433,236122,-1,-1,220103,212945,205515,198974,189471,-1,-1,162776,149410,132659,116022,98426,-1,-1,42284,-1,18444,8175,-1,8075,7973,7923,7830,7791,-1,7704,-1,-1,7334,7168,7157,7133,7102,-1,7065
checkout 51,34358,-1,34234,34188,-1,-1,-1,33892,33818,33772,33721,33676,-1,-1,33479,33425,33375,33331,33268,-1,-1,33105,33068,33008,32949,32878,-1,-1,32562,-1,32421,-1,-1,32197,32071,31991,31904,31855,-1,31767,-1,-1,31546,31500,31450,31384,31322,-1,31227
photo editor pro,1618305,-1,1617341,1617052,-1,-1,-1,1614315,1613405,1611030,1610196,1609521,-1,-1,1607220,1606483,1605757,1605258,1604404,-1,-1,1602112,1601508,1600711,1599930,1599083,-1,-1,1596626,-1,1595102,1594211,-1,1592924,1591688,1590983,1589911,1589237,-1,1587993,-1,-1,1585554,1584992,1584351,1583843,1583122,-1,1582230
shaw freerange tv,1669,-1,1656,1652,-1,-1,-1,1637,1633,1629,1625,1621,-1,-1,1613,1605,1601,1598,1593,-1,-1,1583,1581,1572,1567,1564,-1,-1,1546,-1,1535,1532,-1,1527,1520,1519,1515,1513,-1,1511,-1,-1,1504,1500,1498,1497,1497,-1,1492
shark evolution,-1,-1,-1,-1,-1,-1,-1,-1,59139,58924,58593,58287,-1,-1,56532,55183,52624,50718,47848,-1,-1,39556,37401,36614,35973,35405,-1,-1,32984,-1,31262,-1,-1,29799,28576,27985,27089,26547,-1,25659,-1,-1,23625,23154,22630,22130,21570,-1,20662
es file explorer file manager,2776486,-1,2764925,2758421,-1,-1,-1,2728155,2721324,2715949,2707376,2701443,-1,-1,2675009,2665823,2656054,2647722,2640174,-1,-1,2618493,2613064,2607972,2603341,2599163,-1,-1,2586025,-1,2579331,2576514,-1,2571403,2566367,2562678,2558718,2555694,-1,2549952,-1,-1,2536788,2533806,2530524,2527223,2523893,-1,2518853
primer by google,-1,-1,-1,-1,-1,-1,-1,-1,-1,-1,-1,-1,-1,-1,-1,-1,-1,-1,-1,-1,-1,-1,-1,-1,-1,-1,-1,-1,-1,-1,-1,-1,-1,-1,-1,-1,-1,7260,-1,7207,-1,-1,7124,7112,7083,7063,7039,-1,7014
bubble shooter,45823,-1,45316,45140,-1,-1,-1,-1,-1,-1,-1,-1,-1,-1,-1,-1,-1,-1,-1,-1,-1,23675,23309,22801,22263,21661,-1,-1,19818,-1,18938,-1,-1,-1,-1,16898,16420,16113,-1,15379,-1,-1,14086,13775,13333,12956,12545,-1,11898
vivavideo,3849400,-1,3835668,3830324,-1,-1,-1,3797349,3789638,3783387,3773641,3767553,-1,-1,3741462,3733834,3725595,3719497,3710350,-1,-1,3688533,3680916,3672751,3664606,3655603,-1,-1,3632224,-1,3618087,3610742,-1,3599589,3589379,3581798,3573123,3566224,-1,3554355,-1,-1,3528723,3521966,3514744,3508931,3499904,-1,3486870
air miles reward program,8461,-1,8450,8444,-1,-1,-1,8424,8416,8406,8392,8385,-1,-1,8360,8357,8349,8345,8337,-1,-1,8312,8303,8291,8287,8280,-1,-1,8265,-1,8253,8246,-1,8238,8234,8230,8219,8214,-1,8206,-1,-1,8185,8177,8174,8168,8163,-1,8156
adventure capitalist,856396,-1,854228,852702,-1,-1,-1,-1,-1,-1,-1,-1,-1,-1,-1,-1,-1,-1,-1,-1,-1,-1,-1,-1,-1,831411,-1,-1,828397,-1,826828,-1,-1,824866,823439,822477,821258,-1,-1,818840,-1,-1,-1,815261,814428,813587,812669,-1,811253
adventure capitalist,-1,-1,-1,-1,-1,-1,-1,-1,-1,-1,-1,-1,-1,-1,-1,-1,-1,-1,-1,-1,-1,-1,-1,-1,-1,-1,-1,-1,-1,-1,-1,-1,-1,-1,-1,-1,-1,-1,-1,-1,-1,-1,-1,-1,-1,-1,-1,-1,-1
ubereats,6227,-1,6072,5995,-1,-1,-1,5686,5591,5524,5413,5317,-1,-1,5000,4878,4772,4700,4587,-1,-1,4255,4129,4015,3915,3805,-1,-1,3540,-1,3381,3307,-1,3216,3117,3060,2963,2897,-1,2781,-1,-1,2554,2478,2420,2342,2294,-1,2218
twitch,1059026,-1,1056115,1054555,-1,-1,-1,1048694,1046994,1045773,1044077,1042697,-1,-1,1038204,1036714,1035188,1034098,1032421,-1,-1,1027729,1026252,1024583,1022925,1021303,-1,-1,1015836,-1,1012295,1010766,-1,1008498,1006315,1004683,1002982,1001643,-1,998987,-1,-1,994503,993294,991962,990578,989235,-1,987364
twitch,-1,-1,-1,-1,-1,-1,-1,-1,-1,-1,-1,-1,-1,-1,-1,-1,-1,-1,-1,-1,-1,-1,-1,-1,-1,-1,-1,-1,-1,-1,-1,-1,-1,-1,-1,-1,-1,-1,-1,-1,-1,-1,-1,-1,-1,-1,-1,-1,-1
tiny scanner,86214,-1,85460,85051,-1,-1,-1,83650,83088,82839,82311,81878,-1,-1,80961,80493,80045,79696,79131,-1,-1,78278,77841,77407,76967,76487,-1,-1,75607,-1,74823,-1,-1,73849,73469,73145,72635,72228,-1,71450,-1,-1,70430,70055,69654,69202,68817,-1,68398
asphalt 8,6084730,-1,6075223,6072193,-1,-1,-1,6053117,6048752,6046360,6040380,6037069,-1,-1,6022027,6018301,6013711,6010161,6005262,-1,-1,5991331,5987381,5982926,5978629,5974466,-1,-1,5960555,-1,5953456,5948950,-1,5943152,5935993,5931833,5925908,5921918,-1,5915148,-1,-1,5900498,5896260,5891836,5887893,5883604,-1,5876999
line,7902860,-1,7894176,7889083,-1,-1,-1,7864673,7859528,7854733,7847614,7842596,-1,-1,7828748,7824100,7819351,7816289,7811002,-1,-1,7796822,7792211,7786831,7781472,7775871,-1,-1,7757948,-1,7747021,7740605,-1,7732965,7725138,7718902,7710371,7704611,-1,7693380,-1,-1,7675155,7668859,7662080,7656747,7651300,-1,7642733
giphy. all the gifs,97565,-1,97343,97256,-1,-1,-1,96653,96507,96370,96190,96042,-1,-1,95511,95319,95137,94981,94777,-1,-1,94291,94157,93948,93783,93599,-1,-1,92993,-1,92537,92354,-1,92051,91728,91552,91274,91112,-1,90831,-1,-1,90262,90151,89948,89826,89657,-1,89427
qr & barcode scanner,174900,-1,174139,173831,-1,-1,-1,172047,171599,171198,170603,170255,-1,-1,168878,168527,168167,167861,167473,-1,-1,166371,166091,165617,165208,164896,-1,-1,163878,-1,163147,-1,-1,162188,161665,161360,160824,160454,-1,159861,-1,-1,158684,158352,158107,157753,157416,-1,156821
bumble app,10866,-1,10816,10775,-1,-1,-1,10608,10545,10505,10453,10416,-1,-1,10288,10245,10197,10160,10121,-1,-1,9991,9946,9900,9839,9786,-1,-1,9647,-1,9519,9439,-1,9373,9316,9274,9200,9147,-1,9053,-1,-1,8857,8805,8769,8679,8616,-1,8525
bumble app,-1,-1,-1,-1,-1,-1,-1,-1,-1,-1,-1,-1,-1,-1,-1,-1,-1,-1,-1,-1,-1,-1,-1,-1,-1,-1,-1,-1,-1,-1,-1,-1,-1,-1,-1,-1,-1,-1,-1,-1,-1,-1,-1,-1,-1,-1,-1,-1,-1
network master,-1,-1,-1,-1,-1,-1,-1,-1,-1,-1,-1,-1,-1,-1,-1,-1,-1,-1,-1,-1,-1,-1,21155,20690,20237,19800,-1,-1,18430,-1,17806,-1,-1,16913,-1,-1,-1,-1,-1,-1,-1,-1,-1,14077,13851,13596,13337,-1,12873
maps.me offline map & routing,-1,-1,-1,-1,-1,-1,-1,-1,-1,-1,-1,-1,-1,-1,-1,-1,-1,-1,-1,-1,-1,-1,-1,-1,-1,-1,-1,-1,-1,-1,-1,-1,-1,-1,-1,-1,-1,-1,-1,-1,-1,-1,517542,517079,516634,516184,515701,-1,514846
clash of lords 2,1513104,-1,1511808,1511295,-1,-1,-1,1508944,1508274,1507898,-1,-1,-1,-1,-1,-1,-1,-1,-1,-1,-1,-1,-1,-1,-1,-1,-1,-1,-1,-1,-1,-1,-1,-1,-1,-1,-1,-1,-1,-1,-1,-1,-1,-1,-1,-1,-1,-1,-1
textplus free text + calls,341765,-1,341557,341458,-1,-1,-1,341092,340993,340923,340782,340651,-1,-1,340189,340092,340000,339890,339816,-1,-1,339524,339432,339350,339256,339141,-1,-1,338743,-1,338372,338199,-1,338100,337997,337942,337837,337752,-1,337631,-1,-1,337338,337282,337204,337120,337033,-1,336914
youcam makeup- makeover studio,1894499,-1,1889542,1887841,-1,-1,-1,1876351,1873680,1871715,1868475,1866222,-1,-1,1856036,1852828,1849676,1847411,1844401,-1,-1,1835264,1832297,1828928,1825087,1821861,-1,-1,1811006,-1,1805062,-1,-1,1798333,1793788,1790230,1786579,1783433,-1,1778396,-1,-1,1767530,1764894,1762627,1760157,1756764,-1,1752297
youcam makeup- makeover studio,-1,-1,-1,-1,-1,-1,-1,-1,-1,-1,-1,-1,-1,-1,-1,-1,-1,-1,-1,-1,-1,-1,-1,-1,-1,-1,-1,-1,-1,-1,-1,-1,-1,-1,-1,-1,-1,-1,-1,-1,-1,-1,-1,-1,-1,-1,-1,-1,-1
criminal case,2792981,-1,2785834,2784164,-1,-1,-1,2773749,2770865,2768471,2764923,2762798,-1,-1,2754001,2751054,2748199,2746020,2742802,-1,-1,2734919,2731937,2728855,2725706,2722742,-1,-1,2713544,-1,2707998,2705458,-1,2700637,2695677,2691836,2686138,2682536,-1,2677508,-1,-1,2668318,2665938,2663509,2660911,2658145,-1,2654148
jelly splash pop,1155,-1,1128,1121,-1,-1,-1,1040,1016,1009,991,978,-1,-1,948,939,933,925,915,-1,-1,897,886,870,860,851,-1,-1,811,-1,786,777,-1,753,737,727,713,706,-1,695,-1,-1,656,645,639,630,625,-1,612
reebee,8762,-1,8722,8710,-1,-1,-1,8661,8640,8628,8608,8598,-1,-1,8548,8524,8513,8500,8490,-1,-1,8445,8427,8400,8389,8379,-1,-1,8328,-1,8291,8282,-1,8272,8248,8227,8200,8184,-1,8161,-1,-1,8119,8096,8081,8070,8057,-1,8042
paypal,419464,-1,418573,418096,-1,-1,-1,415960,415421,415018,414480,413910,-1,-1,412386,411865,411354,410964,410416,-1,-1,409096,408632,408098,407618,407087,-1,-1,405408,-1,404348,403734,-1,402987,402249,401600,400729,400150,-1,399322,-1,-1,397659,397214,396785,396323,395763,-1,395234
photo lab picture editor fx,685667,-1,684006,683248,-1,-1,-1,678328,676548,675393,673741,672750,-1,-1,668818,667294,665626,664474,662797,-1,-1,657948,656568,655106,653671,652372,-1,-1,648263,-1,645170,643490,-1,641239,638954,637628,635542,634201,-1,631677,-1,-1,627054,625950,624750,623498,622231,-1,620244
episode + mean girls,590295,-1,588644,587635,-1,-1,-1,582228,580915,580016,579495,579087,-1,-1,577212,576225,575071,574085,572750,-1,-1,568015,566180,564445,563313,561909,-1,-1,557630,-1,554778,553030,-1,550497,547844,545648,545038,544185,-1,541891,-1,-1,536021,534107,533553,532537,531171,-1,529361
quiz,126633,-1,125426,124996,-1,-1,-1,122286,121597,121036,120223,119597,-1,-1,117731,117271,116786,116442,115879,-1,-1,114378,113940,113384,112766,112322,-1,-1,110641,-1,109551,109040,-1,108425,107629,107048,106363,105921,-1,105194,-1,-1,103612,103269,102881,102520,102149,-1,101590
panda pop,619441,-1,618353,617944,-1,-1,-1,615638,615068,614547,613654,612719,-1,-1,610743,610044,609178,608531,607628,-1,-1,605478,604744,603933,603187,602486,-1,-1,600332,-1,599207,598744,-1,597946,597197,596621,596010,595540,-1,594678,-1,-1,593118,592609,592093,591510,590961,-1,590188
free music for soundcloud,137334,-1,136505,136060,-1,-1,-1,134123,133671,133289,132844,132533,-1,-1,131547,131130,130739,130417,130023,-1,-1,129055,128722,128349,128026,127745,-1,-1,126780,-1,126171,125850,-1,125451,125016,124640,124178,123917,-1,123419,-1,-1,122555,122296,122019,121739,121462,-1,121104
kindle,581557,-1,580574,580205,-1,-1,-1,578539,578056,577806,577319,576915,-1,-1,575524,574977,574406,573850,572982,-1,-1,571702,571238,570736,570223,569791,-1,-1,568239,-1,567171,566494,-1,565847,565187,564869,564252,563805,-1,563146,-1,-1,561979,561689,561346,561006,560670,-1,560138
google fit,193641,-1,193376,193196,-1,-1,-1,192371,192103,191995,191809,191653,-1,-1,191163,190958,190669,190401,190037,-1,-1,189569,189428,189182,188928,188700,-1,-1,188069,-1,187578,187309,-1,186916,186428,186026,185266,184889,-1,184295,-1,-1,183839,183758,183649,183567,183451,-1,183337
jetpack joyride,3736500,-1,3734105,3732717,-1,-1,-1,3725861,3724304,3723379,3721083,3719682,-1,-1,3713292,3711089,3709427,3707584,3704704,-1,-1,3698682,3696950,3695093,3693249,3691492,-1,-1,3685105,-1,3680116,3676783,-1,3672261,3667182,3662918,3657522,3654281,-1,3649098,-1,-1,3637212,3633874,3631217,3628768,3626194,-1,3622242
jetpack joyride,-1,-1,-1,-1,-1,-1,-1,-1,-1,-1,-1,-1,-1,-1,-1,-1,-1,-1,-1,-1,-1,-1,-1,-1,-1,-1,-1,-1,-1,-1,-1,-1,-1,-1,-1,-1,-1,-1,-1,-1,-1,-1,-1,-1,-1,-1,-1,-1,-1
the sims freeplay,774484,-1,773912,773539,-1,-1,-1,771925,771491,771199,770546,770153,-1,-1,769000,768638,768236,767987,767505,-1,-1,766514,766123,765737,765207,764771,-1,-1,763385,-1,762550,762023,-1,761444,760694,760215,759603,759271,-1,758547,-1,-1,757354,756976,756630,756223,755839,-1,755324
ice age,-1,-1,-1,-1,-1,-1,-1,-1,-1,-1,-1,-1,-1,-1,-1,-1,-1,-1,-1,-1,-1,-1,-1,-1,-1,-1,-1,-1,-1,-1,-1,-1,-1,16101,15147,14611,13290,11885,-1,9405,-1,-1,-1,-1,-1,-1,-1,-1,706
stingray music,5526,-1,5504,5489,-1,-1,-1,5449,5440,5431,5419,5404,-1,-1,5384,5369,5359,5354,5349,-1,-1,5326,5318,5310,5296,5292,-1,-1,5245,-1,5207,5192,-1,5176,5146,5132,5102,5088,-1,5062,-1,-1,5007,4993,4980,4971,4962,-1,4951
colour effect photo editor,263924,-1,263104,262648,-1,-1,-1,260439,259851,259425,258697,258090,-1,-1,256453,255962,255523,255134,254526,-1,-1,253024,252539,251951,251406,250865,-1,-1,248967,-1,247767,-1,-1,246541,245627,244990,244307,243803,-1,242688,-1,-1,240629,240196,239705,239187,238709,-1,237893
cookie jam,735434,-1,734398,733702,-1,-1,-1,730798,729978,729753,728918,727954,-1,-1,726912,726544,726171,725887,725562,-1,-1,724641,724358,724021,723643,723341,-1,-1,722311,-1,721848,721524,-1,721147,720691,720374,720035,719774,-1,719183,-1,-1,718122,717833,717400,717077,716746,-1,716290
free music mp3 player mixerbox,-1,-1,-1,-1,-1,-1,-1,-1,-1,-1,-1,-1,-1,-1,-1,-1,-1,-1,-1,-1,-1,-1,-1,-1,-1,-1,-1,-1,-1,-1,-1,-1,-1,-1,-1,-1,-1,-1,-1,-1,-1,-1,-1,-1,-1,-1,165322,-1,164608
angry birds pop bubble shooter,350006,-1,348673,-1,-1,-1,-1,-1,-1,-1,342922,342328,-1,-1,339991,339168,338606,338012,337182,-1,-1,334959,334252,333344,332459,331584,-1,-1,328675,-1,327016,-1,-1,325124,323892,323016,321911,321337,-1,319769,-1,-1,317143,316322,315562,314798,314008,-1,312811
google pdf viewer,128734,-1,128436,128334,-1,-1,-1,127472,127225,127042,126746,126573,-1,-1,125960,125728,125474,125306,125062,-1,-1,124529,124306,124064,123821,123583,-1,-1,122904,-1,122486,-1,-1,121885,121519,121296,120949,120788,-1,120414,-1,-1,119834,119685,119528,119402,119239,-1,119043
music,70116,-1,69573,69269,-1,-1,-1,67917,67583,67400,66921,66611,-1,-1,65573,65240,65006,64763,64428,-1,-1,63451,63218,62877,62566,62266,-1,-1,61285,-1,60680,60396,-1,60020,59594,59254,58834,58544,-1,58074,-1,-1,57139,56836,56567,56293,56027,-1,55630
wechat,4586030,-1,4583455,4582189,-1,-1,-1,4576009,4574501,4573209,4571418,4569761,-1,-1,4564365,4562450,4560516,4559040,4556949,-1,-1,4551275,4549772,4547062,4544747,4542527,-1,-1,4536378,-1,4533185,4531431,-1,4528383,4525935,4524209,4521882,4520367,-1,4517539,-1,-1,4511641,4510030,4508700,4506970,4505330,-1,4502629
disney magic kingdoms,-1,-1,-1,-1,-1,-1,-1,-1,-1,-1,-1,-1,-1,-1,152301,151882,151399,151064,150581,-1,-1,149020,148204,146842,145499,144115,-1,-1,139463,-1,137828,-1,-1,136496,135651,134953,133931,132669,-1,131010,-1,-1,129315,128922,128458,127929,127216,-1,126165
canadian tire,6166,-1,6162,6161,-1,-1,-1,6153,6151,6149,6146,6144,-1,-1,6140,6140,6140,6139,6140,-1,-1,6133,6131,6127,6125,6126,-1,-1,6120,-1,6116,6114,-1,6112,6109,6108,6104,6103,-1,6100,-1,-1,6097,6097,6095,6094,6091,-1,6091
walmart photo,1035,-1,1032,1032,-1,-1,-1,1031,1029,1029,1029,1028,-1,-1,1026,1025,1025,1025,1024,-1,-1,1023,1023,1022,1022,1022,-1,-1,1017,-1,1016,1016,-1,1015,1014,1015,1013,1013,-1,1012,-1,-1,1012,1012,1013,1013,1013,-1,1013
the weather channel,1423890,-1,1423640,1423502,-1,-1,-1,1422800,1422609,1422486,1422257,1422024,-1,-1,1421240,1421035,1420825,1420626,1420340,-1,-1,1419558,1419224,1418606,1418153,1417675,-1,-1,1416314,-1,1415295,1414770,-1,1413974,1413193,1412760,1412014,1411549,-1,1410407,-1,-1,1408500,1408005,1407434,1406854,1406181,-1,1405290
lep's world 2,385062,-1,382895,382216,-1,-1,-1,377247,375974,375021,373546,372595,-1,-1,369807,369003,368363,367691,366704,-1,-1,364477,363640,362705,361863,360979,-1,-1,358538,-1,357317,356467,-1,355323,354233,353348,352085,351304,-1,349945,-1,-1,346951,346192,345334,344595,343813,-1,342535
lep's world 2,-1,-1,-1,-1,-1,-1,-1,-1,-1,-1,-1,-1,-1,-1,-1,-1,-1,-1,-1,-1,-1,-1,-1,-1,-1,-1,-1,-1,-1,-1,-1,-1,-1,-1,-1,-1,-1,-1,-1,-1,-1,-1,-1,-1,-1,-1,-1,-1,-1
timeplay,6346,-1,6339,6333,-1,-1,-1,6321,6317,6315,6310,6309,-1,-1,6295,6290,6286,6284,6281,-1,-1,6271,6270,6264,6263,6261,-1,-1,6249,-1,6246,6242,-1,6240,6231,6226,6217,6215,-1,6202,-1,-1,6185,6185,6183,6174,6166,-1,6161
bubble games,47244,-1,-1,-1,-1,-1,-1,45589,45418,45286,45033,44840,-1,-1,44115,43847,43551,43289,42984,-1,-1,42027,41792,41412,41031,40600,-1,-1,39394,-1,38691,38298,-1,37595,37003,36618,35844,35415,-1,34450,-1,-1,32931,32608,32306,31902,31479,-1,30899
accuweather,1613021,-1,1612121,1611714,-1,-1,-1,1609096,1608406,1607942,1607230,1606626,-1,-1,1604344,1603489,1602841,1602238,1601508,-1,-1,1599255,1598402,1597372,1596385,1595688,-1,-1,1593774,-1,1592534,1591912,-1,1590958,1589930,1589370,1588462,1587872,-1,1586640,-1,-1,1584254,1583741,1583012,1582387,1581690,-1,1580666
mybell mobile,5385,-1,5380,5378,-1,-1,-1,5369,5365,5364,5361,5356,-1,-1,5341,5340,5336,5333,5325,-1,-1,5307,5304,5299,5296,5290,-1,-1,5277,-1,5274,5269,-1,5267,5265,5262,5257,5258,-1,5255,-1,-1,5250,5250,5247,5243,5237,-1,5233
trivia crack,5603597,-1,5600765,5599534,-1,-1,-1,5592906,5591195,5589856,5587889,5586415,-1,-1,5581082,5579229,5577392,5575688,5573494,-1,-1,5568683,5566875,5564989,5563135,5561213,-1,-1,5554908,-1,5551628,5549736,-1,-1,-1,-1,5540194,5538380,-1,5535204,-1,-1,5528082,5526306,5524486,5522708,5520698,-1,5518033
desjardins mobile services,7253,-1,7250,7249,-1,-1,-1,7239,7235,7233,7230,7228,-1,-1,7224,7217,7214,7214,7213,-1,-1,7205,7199,7194,7190,7185,-1,-1,7180,-1,7178,7178,-1,7174,7173,7172,7168,7165,-1,7155,-1,-1,7152,7150,7149,7146,7144,-1,7143
stick war,-1,-1,-1,-1,-1,-1,-1,186357,185638,185195,184194,183574,-1,-1,180525,178991,177403,176255,-1,-1,-1,-1,-1,-1,-1,-1,-1,-1,-1,-1,-1,-1,-1,162667,161375,160354,159127,157988,-1,155999,-1,-1,152158,151210,150378,149580,148681,-1,147309
hungry shark evolution,4228349,-1,4223868,4221462,-1,-1,-1,4210368,4206923,4205389,4202041,4199146,-1,-1,4189344,4185762,4182283,4179627,4175348,-1,-1,4164306,4161725,4158101,4153999,4150683,-1,-1,4141247,-1,4135517,4132022,-1,4126867,4122392,4119468,4115238,4112212,-1,4107404,-1,-1,4096363,4094413,4091590,4088682,4085950,-1,4081956
yahtzee with buddies,171987,-1,171835,171785,-1,-1,-1,171451,171358,171276,171106,171031,-1,-1,170576,170306,170129,169951,169744,-1,-1,169083,168866,168556,168263,167842,-1,-1,167114,-1,166752,166580,-1,166364,166089,165965,165693,165526,-1,165262,-1,-1,164870,164753,164632,164496,164384,-1,164198
fruit ninja free,4334911,-1,4333626,4333127,-1,-1,-1,4329380,4328473,4327766,4326714,4325898,-1,-1,4321931,4319874,4316781,4314067,4310189,-1,-1,4299508,4296083,4294575,4293411,4292322,-1,-1,4288755,-1,4287004,4286028,-1,4284244,4282515,4280922,4279179,4278134,-1,4276387,-1,-1,4272517,4271753,4270838,4270170,4269091,-1,4267769
microsoft powerpoint,-1,-1,-1,-1,-1,-1,-1,162287,161952,161639,-1,-1,-1,-1,159956,159598,159293,-1,-1,-1,-1,158137,157926,157554,-1,-1,-1,-1,156233,-1,-1,-1,-1,-1,154704,154442,154061,153774,-1,153094,-1,-1,152270,152077,151860,151595,151354,-1,151035
dumb ways to die,2134156,-1,2132702,2131957,-1,-1,-1,2128183,2127223,2126696,2125457,2124773,-1,-1,2121940,2121047,2120181,2119719,2118809,-1,-1,2116594,2115882,2115111,2114440,2113757,-1,-1,2111455,-1,2110222,2109536,-1,2108653,2107560,2106707,2105752,2105307,-1,2104169,-1,-1,2102056,2101622,2101226,2100779,2100294,-1,2099606
dumb ways to die,-1,-1,-1,-1,-1,-1,-1,-1,-1,-1,-1,-1,-1,-1,-1,-1,-1,-1,-1,-1,-1,-1,-1,-1,-1,-1,-1,-1,-1,-1,-1,-1,-1,-1,-1,-1,-1,-1,-1,-1,-1,-1,-1,-1,-1,-1,-1,-1,-1
photo editor collage maker pro,476408,-1,473100,471337,-1,-1,-1,462305,460051,456812,453759,451185,-1,-1,443681,441116,438530,436543,433649,-1,-1,426738,424403,421793,419112,416651,-1,-1,408624,-1,403923,401631,-1,398776,395096,392648,389572,387539,-1,383894,-1,-1,375854,374038,372285,369912,367698,-1,364064
aliexpress shopping app,1257663,-1,1252858,1250009,-1,-1,-1,1239269,1236046,1234387,1230773,1228039,-1,-1,1222281,1219425,1216328,1213238,1206356,-1,-1,1197333,1195998,1194386,1192814,1191220,-1,-1,1186530,-1,1183853,1182381,-1,1180151,1178097,1176890,1174749,1173401,-1,1170922,-1,-1,1165325,1163666,1162295,1160895,1159446,-1,1157167
risk big screen edition,-1,-1,-1,-1,-1,-1,-1,-1,-1,-1,-1,-1,-1,-1,-1,-1,-1,-1,-1,-1,-1,-1,-1,-1,-1,-1,-1,-1,-1,-1,-1,-1,-1,-1,-1,-1,14190,14105,-1,13922,-1,-1,13570,13501,13415,13348,13277,-1,13154
ugo wallet,-1,-1,-1,-1,-1,-1,-1,-1,-1,-1,-1,-1,-1,-1,-1,-1,-1,-1,-1,-1,-1,-1,-1,-1,-1,-1,-1,-1,2245,-1,-1,-1,-1,2231,2227,2226,2224,2219,-1,2215,-1,-1,2208,2204,2197,2190,2186,-1,2186
simcity buildit,2472899,-1,2468826,2467254,-1,-1,-1,2457572,2455113,2453114,2450042,2448082,-1,-1,2440454,2437838,2435341,2433325,2430571,-1,-1,2422605,2420642,2417757,2414285,2411998,-1,-1,2401939,-1,2396636,2393697,-1,2388904,2383568,2380307,2375018,2371238,-1,2366111,-1,-1,2354742,2351352,2347193,2343238,2338848,-1,2330773
shuffle cats,36947,-1,36688,36574,-1,-1,-1,-1,-1,-1,-1,-1,-1,-1,-1,-1,-1,-1,-1,-1,-1,-1,-1,-1,-1,-1,-1,-1,-1,-1,-1,-1,-1,-1,-1,-1,-1,-1,-1,-1,-1,-1,-1,-1,-1,-1,-1,-1,-1
don't tap the white tile,-1,-1,-1,-1,-1,-1,-1,2852471,2852266,2852087,2851794,2851606,-1,-1,2850542,2850201,2849819,2849477,2848980,-1,-1,2847590,2847227,2846733,2846145,2845739,-1,-1,2844284,-1,2843723,2843283,-1,2842615,2841944,2841502,2840880,2840499,-1,2839835,-1,-1,2838346,2838033,2837745,2837424,2837088,-1,2836515
racing in car,-1,-1,-1,-1,-1,-1,-1,975796,974248,973385,971121,969707,-1,-1,962764,960313,958349,956406,953605,-1,-1,946299,944138,941596,939159,936548,-1,-1,929137,-1,924836,922692,-1,918587,915256,912613,909581,906759,-1,901057,-1,-1,891009,888603,886294,883911,881507,-1,877631
snap photo filters & stickers,-1,-1,-1,-1,-1,-1,-1,-1,-1,-1,-1,-1,-1,-1,20666,20413,20203,20085,19844,-1,-1,19099,18906,18611,18370,18124,-1,-1,17356,-1,16862,-1,-1,16274,15866,15668,15338,15166,-1,14847,-1,-1,14053,13861,13647,13429,13187,-1,12846
microsoft onedrive,626775,-1,625469,624683,-1,-1,-1,621582,620829,620173,619243,618420,-1,-1,616126,615394,614593,613977,613063,-1,-1,610882,610138,609235,608355,607427,-1,-1,605042,-1,603430,-1,-1,601595,600386,599586,598576,597782,-1,596284,-1,-1,592671,591947,591125,589987,588976,-1,587810
swing,-1,-1,-1,-1,-1,-1,-1,-1,-1,-1,-1,-1,-1,-1,-1,-1,-1,-1,-1,-1,-1,-1,-1,-1,-1,-1,-1,-1,-1,-1,-1,-1,-1,-1,94107,-1,-1,-1,-1,-1,-1,-1,-1,92070,91928,91776,91592,-1,91300
1010! puzzle,363325,-1,363059,362918,-1,-1,-1,361973,361723,361549,361318,361139,-1,-1,360586,360373,360184,360047,359837,-1,-1,359329,359169,358952,358760,358568,-1,-1,357903,-1,357539,357313,-1,356987,356660,356491,356226,356072,-1,355790,-1,-1,355223,355131,355033,354919,354784,-1,354546
thescore,107381,-1,107263,107186,-1,-1,-1,107111,107094,107084,107065,107043,-1,-1,106995,106981,106956,106940,106918,-1,-1,106811,106791,106723,106666,106646,-1,-1,106590,-1,106534,106508,-1,106464,106425,106394,106358,106336,-1,106298,-1,-1,106196,106173,106148,106138,106120,-1,106086
thescore,-1,-1,-1,-1,-1,-1,-1,-1,-1,-1,-1,-1,-1,-1,-1,-1,-1,-1,-1,-1,-1,-1,-1,-1,-1,-1,-1,-1,-1,-1,-1,-1,-1,-1,-1,-1,-1,-1,-1,-1,-1,-1,-1,-1,-1,-1,-1,-1,-1
google keep,530098,-1,529747,529584,-1,-1,-1,528675,528369,528245,527957,527690,-1,-1,527085,526838,526595,526428,526159,-1,-1,525469,525333,524898,524619,524356,-1,-1,523470,-1,522568,522264,-1,521699,521088,520636,520027,519719,-1,519305,-1,-1,518494,518368,518100,517743,517203,-1,516842
picsart photo studio,4908437,-1,4901637,4899352,-1,-1,-1,4883807,4879845,4874274,4869658,4866661,-1,-1,4853868,4849717,4845670,4842854,4838579,-1,-1,4828025,4824856,4821224,4817642,4814055,-1,-1,4802649,-1,4795900,-1,-1,4787109,4781548,4778230,4773174,4769783,-1,4763809,-1,-1,4747959,4744310,4740381,4737336,4732650,-1,4726660
transit app,27953,-1,27918,27916,-1,-1,-1,27846,27828,27811,27776,27759,-1,-1,27675,27648,27627,27615,27602,-1,-1,27536,27521,27484,27452,27346,-1,-1,27282,-1,27231,27204,-1,27175,27133,27105,27085,27061,-1,27020,-1,-1,26965,26957,26938,26907,26865,-1,26835
mx player,3653451,-1,3651017,3650982,-1,-1,-1,3638409,3636913,3636092,3634006,3632914,-1,-1,3627881,3626354,3624865,3624049,3622217,-1,-1,3617510,3616103,3614389,3612667,3611041,-1,-1,3605511,-1,3602514,-1,-1,3598573,3596251,3594507,3592723,3591606,-1,3589549,-1,-1,3584077,3582726,3581198,3579716,3578208,-1,3575927
castle clash,4054414,-1,4053712,4053302,-1,-1,-1,4051021,4050415,4050084,4049255,4048823,-1,-1,4046711,4045961,4045449,4044930,4044202,-1,-1,4042200,4041623,4040823,4040044,4038606,-1,-1,4035500,-1,4034833,4034235,-1,4033400,4032527,4031890,4031164,4030687,-1,4029660,-1,-1,4027640,4027191,4026598,4026033,4025403,-1,4024574
periscope,283286,-1,282544,282118,-1,-1,-1,278982,278080,277573,276730,276148,-1,-1,273814,273191,272597,272170,271575,-1,-1,270037,269653,269075,268475,267878,-1,-1,265981,-1,264853,-1,-1,263688,262902,262291,261633,261125,-1,260226,-1,-1,258522,258108,257680,257263,256873,-1,256323
du antivirus- app lock free,-1,-1,-1,-1,-1,-1,-1,-1,-1,-1,-1,-1,-1,-1,-1,-1,-1,-1,-1,-1,-1,-1,-1,-1,-1,-1,-1,-1,-1,-1,-1,-1,-1,-1,-1,-1,-1,-1,-1,-1,-1,-1,-1,-1,-1,-1,22130,-1,20989
steam,559388,-1,558757,558373,-1,-1,-1,556493,555971,555539,554938,554450,-1,-1,552858,552312,551765,551359,550736,-1,-1,549214,548781,548181,547465,546860,-1,-1,544933,-1,543680,543032,-1,541922,540741,540044,539055,538409,-1,537400,-1,-1,535221,534717,534453,534047,533692,-1,533150
discord,22967,-1,22681,22557,-1,-1,-1,21617,21335,21147,20949,20837,-1,-1,20425,20309,20161,20080,19923,-1,-1,19577,19430,19231,19056,18919,-1,-1,18461,-1,18154,-1,-1,17848,17624,17473,17249,17128,-1,16836,-1,-1,16531,16463,16355,16250,16121,-1,16029
dream diary,-1,-1,-1,-1,-1,-1,-1,-1,-1,-1,-1,-1,-1,-1,-1,-1,-1,-1,-1,-1,-1,-1,-1,-1,-1,-1,-1,-1,-1,-1,-1,-1,-1,-1,9507,-1,-1,-1,-1,-1,-1,-1,-1,-1,-1,-1,-1,-1,-1
drive ahead!,309112,-1,308200,307675,-1,-1,-1,304844,303793,303126,302259,301677,-1,-1,299511,298727,297960,297385,296520,-1,-1,293907,293172,291505,290732,289928,-1,-1,287071,-1,285391,284520,-1,282898,280529,278379,275138,272573,-1,267964,-1,-1,258298,256265,255578,254840,253958,-1,252702
canada weather & radar,4939,-1,4934,4931,-1,-1,-1,4919,4917,4911,4907,4904,-1,-1,4894,4890,4888,4886,4884,-1,-1,4873,4869,4863,4862,4856,-1,-1,4849,-1,4845,4842,-1,4836,4834,4831,4825,4825,-1,4816,-1,-1,4809,4808,4807,4805,4801,-1,4801
mahjong,-1,-1,-1,-1,-1,-1,-1,-1,-1,-1,-1,-1,-1,-1,85141,85046,84937,84879,84784,-1,-1,84534,84454,84336,84234,84138,-1,-1,83909,-1,83693,-1,-1,83448,83254,83169,83030,82924,-1,82764,-1,-1,82412,82341,82266,82172,82085,-1,81932
gravity switch,-1,-1,-1,-1,-1,-1,-1,-1,-1,-1,-1,-1,-1,-1,-1,-1,-1,-1,-1,-1,-1,-1,-1,-1,-1,12732,-1,-1,-1,-1,-1,-1,-1,10557,10146,9858,9527,-1,-1,-1,-1,-1,8204,8021,7853,7698,7530,-1,7235
food street,-1,-1,-1,-1,-1,-1,-1,-1,-1,-1,-1,-1,-1,-1,-1,-1,-1,-1,-1,-1,-1,-1,-1,-1,-1,-1,-1,-1,-1,-1,-1,-1,-1,-1,-1,-1,-1,-1,-1,-1,-1,-1,102685,-1,-1,101659,101367,-1,100959
ultimate notepad,6819,-1,6806,6795,-1,-1,-1,6740,6722,6714,6695,6685,-1,-1,6642,6621,6604,6589,6570,-1,-1,6526,6516,6486,6473,6459,-1,-1,6396,-1,6356,-1,-1,6315,6281,6257,6229,6217,-1,6189,-1,-1,6139,6131,6114,6101,6090,-1,6085
food quiz,66448,-1,65600,65241,-1,-1,-1,63042,62405,62058,61359,61255,-1,-1,60840,60684,60428,60178,59735,-1,-1,58637,58100,57701,57231,56718,-1,-1,55026,-1,54153,53811,-1,53270,52627,52262,51600,51205,-1,50560,-1,-1,48968,48669,48337,47960,47613,-1,47419
samsung my knox,56267,-1,55997,55865,-1,-1,-1,55137,54938,54818,54614,54442,-1,-1,53875,53698,53500,53349,53187,-1,-1,52698,52533,52325,52130,51932,-1,-1,51365,-1,51051,50862,-1,50634,50340,50114,49892,49725,-1,49414,-1,-1,48906,48812,48694,48584,48468,-1,48281
samsung my knox,-1,-1,-1,-1,-1,-1,-1,-1,-1,-1,-1,-1,-1,-1,-1,-1,-1,-1,-1,-1,-1,-1,-1,-1,-1,-1,-1,-1,-1,-1,-1,-1,-1,-1,-1,-1,-1,-1,-1,-1,-1,-1,-1,-1,-1,-1,-1,-1,-1
4 pics 1 word,976170,-1,975809,975620,-1,-1,-1,974665,974377,974256,973949,973745,-1,-1,973067,972831,972572,972378,972121,-1,-1,971372,971160,970923,970672,970473,-1,-1,969609,-1,969175,-1,-1,968617,968252,967948,967656,967413,-1,967017,-1,-1,966262,966035,965813,965607,965394,-1,965069
torch,6208,-1,6170,6141,-1,-1,-1,-1,-1,-1,13822,13741,-1,-1,13400,13273,13154,13083,12927,-1,-1,12590,12465,12325,12193,12020,-1,-1,11618,-1,11276,-1,-1,10807,10520,10358,10139,10002,-1,9721,-1,-1,9244,9125,9012,8894,8766,-1,8599
transparent clock & weather,494140,-1,493249,492743,-1,-1,-1,490423,489862,489384,488668,488187,-1,-1,486224,485546,484860,484335,483604,-1,-1,481933,481448,480795,480126,479500,-1,-1,477785,-1,476553,-1,-1,475001,474069,473450,472784,472262,-1,471194,-1,-1,469248,468762,468209,467566,466870,-1,465982
sonic dash,2650734,-1,2648590,2647355,-1,-1,-1,2640932,2639457,2638640,2636613,2635296,-1,-1,2629630,2627819,2626553,2625193,2623184,-1,-1,2617765,2616039,2614242,2612380,2610635,-1,-1,2605316,-1,2602778,2601249,-1,2599239,2596956,2595312,2593266,2592074,-1,2589393,-1,-1,2583806,2582286,2580947,2579759,2578401,-1,2576220
ncis,-1,-1,-1,-1,-1,-1,-1,-1,-1,-1,-1,-1,-1,-1,-1,-1,-1,-1,-1,-1,-1,-1,-1,-1,-1,-1,-1,-1,-1,-1,-1,-1,-1,-1,-1,-1,-1,-1,-1,-1,-1,-1,-1,-1,-1,-1,396,-1,369
despicable me,8787020,-1,8782953,8781263,-1,-1,-1,8771075,8768818,8767028,8764215,8762256,-1,-1,8752805,8749800,8746908,8744580,8741577,-1,-1,8731645,8728746,8725526,8722416,8719282,-1,-1,8707868,-1,8702429,8699340,-1,8695100,8690249,8686478,8681891,8679034,-1,8675668,-1,-1,8668113,8666328,8664390,8662841,8661152,-1,8658011
despicable me,-1,-1,-1,-1,-1,-1,-1,-1,-1,-1,-1,-1,-1,-1,-1,-1,-1,-1,-1,-1,-1,-1,-1,-1,-1,-1,-1,-1,-1,-1,-1,-1,-1,-1,-1,-1,-1,-1,-1,-1,-1,-1,-1,-1,-1,-1,-1,-1,-1
geek,830305,-1,829420,828966,-1,-1,-1,827082,826611,826293,825734,825287,-1,-1,823914,823434,822943,822521,821992,-1,-1,820561,820195,819705,819183,818684,-1,-1,816997,-1,815980,815510,-1,814747,813947,813356,812699,812173,-1,811131,-1,-1,809445,808977,808436,807935,807452,-1,806667
walking war robots,-1,-1,-1,-1,-1,-1,-1,-1,-1,-1,-1,-1,-1,-1,-1,-1,-1,-1,618562,-1,-1,613779,612101,608763,604820,602140,-1,-1,590308,-1,584023,582965,-1,579314,577009,575128,573331,571909,-1,568994,-1,-1,563027,561587,560214,558748,557050,-1,553889
weather live free,331241,-1,330687,330455,-1,-1,-1,329211,328845,328659,328130,327817,-1,-1,326492,325929,325299,324721,324146,-1,-1,322839,322594,322197,321695,321270,-1,-1,319951,-1,318981,318606,-1,318066,317559,317234,316765,316484,-1,315877,-1,-1,314608,314316,313873,313488,313048,-1,312377
dumb ways to die 2,1298654,-1,1297705,1297159,-1,-1,-1,1294311,1293577,1292977,1292015,1291332,-1,-1,1288639,1287563,1286537,1285808,1284747,-1,-1,1281847,1280789,1279718,1278863,1277998,-1,-1,1275186,-1,1273508,1272812,-1,1271527,1270217,1269140,1268250,1267608,-1,1266420,-1,-1,1264254,1263844,1263371,1262944,1262472,-1,1261773
covet fashion,299331,-1,298561,298248,-1,-1,-1,295963,295526,295161,294577,294221,-1,-1,292800,292359,291954,291612,291161,-1,-1,289847,289422,288897,288378,287843,-1,-1,286230,-1,285270,-1,-1,283794,282655,281880,281190,280778,-1,280009,-1,-1,-1,-1,-1,-1,-1,-1,275821
shomi_ for phone,3470,-1,3468,3464,-1,-1,-1,3458,3457,3457,3455,3455,-1,-1,3442,3439,3437,3428,3422,-1,-1,3414,3412,3411,3405,3402,-1,-1,3395,-1,3391,-1,-1,3384,3377,3372,3369,3368,-1,3364,-1,-1,3361,3359,3354,3353,3350,-1,3346
my cafe,358188,-1,342354,331963,-1,-1,-1,-1,-1,-1,-1,-1,-1,-1,-1,-1,-1,-1,-1,-1,-1,-1,-1,-1,-1,-1,-1,-1,-1,-1,-1,-1,-1,-1,-1,-1,-1,-1,-1,-1,-1,-1,-1,-1,-1,-1,-1,-1,205903
my cafe,-1,-1,-1,-1,-1,-1,-1,-1,-1,-1,-1,-1,-1,-1,-1,-1,-1,-1,-1,-1,-1,-1,-1,-1,-1,-1,-1,-1,-1,-1,-1,-1,-1,-1,-1,-1,-1,-1,-1,-1,-1,-1,-1,-1,-1,-1,-1,-1,-1
hovercraft,-1,-1,-1,-1,-1,-1,-1,-1,-1,-1,-1,-1,-1,-1,50729,50257,49613,49084,-1,-1,-1,-1,-1,-1,-1,-1,-1,-1,-1,-1,-1,-1,-1,-1,-1,-1,-1,-1,-1,-1,-1,-1,-1,-1,-1,-1,-1,-1,-1
boom beach,4448764,-1,4446154,4444818,-1,-1,-1,4438202,4436559,4435377,4433407,4431725,-1,-1,4426345,4424334,4422336,4420832,4418922,-1,-1,4413701,4412320,4410021,4408309,4406350,-1,-1,4399698,-1,4396723,-1,-1,4391630,4388527,4386412,4383645,4381661,-1,4378368,-1,-1,4371147,4369405,4367767,4366126,4363827,-1,4360926
pets unleashed,-1,-1,-1,-1,-1,-1,-1,-1,-1,-1,-1,-1,-1,-1,-1,22811,22373,21995,21540,-1,-1,20156,19735,19255,18793,18301,-1,-1,16755,-1,16023,-1,-1,15035,14227,13576,12211,11314,-1,9088,-1,-1,-1,-1,-1,-1,3587,-1,3557
avast cleanup,413485,-1,412337,411698,-1,-1,-1,-1,-1,-1,406431,405868,-1,-1,403560,402728,401721,401092,400253,-1,-1,397955,397081,396175,395378,394546,-1,-1,392064,-1,390340,-1,-1,388067,386898,386039,385060,384316,-1,382983,-1,-1,379865,378862,378219,377365,376383,-1,375229
atom tickets,1958,-1,1782,1748,-1,-1,-1,1564,1523,1504,1469,1421,-1,-1,1299,-1,1219,1199,1191,-1,-1,1151,1141,1129,1118,1112,-1,-1,1066,-1,1032,-1,-1,998,967,955,941,931,-1,921,-1,-1,882,878,873,867,860,-1,856
atom tickets,-1,-1,-1,-1,-1,-1,-1,-1,-1,-1,-1,-1,-1,-1,-1,-1,-1,-1,-1,-1,-1,-1,-1,-1,-1,-1,-1,-1,-1,-1,-1,-1,-1,-1,-1,-1,-1,-1,-1,-1,-1,-1,-1,-1,-1,-1,-1,-1,-1
vsco,430203,-1,429432,429064,-1,-1,-1,427429,427026,426682,426166,425732,-1,-1,424140,423429,422758,422311,421658,-1,-1,419902,419408,418674,418049,417374,-1,-1,415422,-1,414048,-1,-1,412645,411805,411310,410510,410015,-1,409180,-1,-1,407514,407081,406624,405998,405406,-1,404730
go weather forecast & widgets,1170515,-1,1169055,1168531,-1,-1,-1,1165735,1165236,1164789,1164076,1163543,-1,-1,1161727,1161354,1161064,1160833,1160385,-1,-1,1159276,1159188,1158824,1158518,1158201,-1,-1,1157283,-1,1156660,1156262,-1,1155545,1154955,1154655,1154226,1154078,-1,1153631,-1,-1,-1,-1,-1,-1,-1,-1,1150309
siriusxm canada,4373,-1,4365,4355,-1,-1,-1,4318,4307,4302,4284,4273,-1,-1,4239,4228,4219,4211,4198,-1,-1,4162,4152,4141,4121,4106,-1,-1,4081,-1,4063,4059,-1,4052,4042,4037,4027,4024,-1,4016,-1,-1,4000,3988,3984,3979,3971,-1,3964
linkedin job search,86879,-1,86481,-1,-1,-1,-1,85264,85031,84882,-1,-1,-1,-1,83698,83465,83188,-1,-1,-1,-1,82108,81848,81583,-1,80950,-1,-1,80406,-1,79991,-1,-1,-1,79182,78989,78674,78482,-1,78010,-1,-1,77361,77171,76933,76650,76353,-1,76099
solitaire!,193282,-1,192391,191868,-1,-1,-1,189625,189085,188709,187942,187460,-1,-1,185568,184895,184135,183538,182747,-1,-1,180476,179770,178937,178145,177266,-1,-1,174319,-1,172363,171395,-1,170019,168459,167295,165951,165241,-1,163869,-1,-1,161628,161032,160291,159622,158812,-1,157648
bible,1933714,-1,1932065,1931129,-1,-1,-1,1926829,1925835,1925015,1923810,1922823,-1,-1,1919507,1918432,1917364,1916544,1915324,-1,-1,1912123,1911113,1910040,1908932,1907901,-1,-1,1904556,-1,1902606,1901513,-1,1900147,1898517,1897507,1896298,1895275,-1,1893133,-1,-1,1889329,1888276,1887060,1885899,1884656,-1,1882643
plague inc.,2390105,-1,2388856,2388117,-1,-1,-1,2384437,2383514,2382779,2381592,2380526,-1,-1,2376360,2375033,2373688,2372785,2371454,-1,-1,2368017,2367050,2365992,2364910,2363900,-1,-1,2359860,-1,2357902,2357189,-1,2355669,2353917,2352612,2351302,2350139,-1,2348387,-1,-1,2345474,2344835,2344109,2343607,2342968,-1,2342046
msqrd,616215,-1,614975,614195,-1,-1,-1,-1,-1,-1,-1,-1,-1,-1,-1,-1,-1,-1,-1,-1,-1,-1,-1,-1,-1,-1,-1,-1,590997,-1,589355,-1,-1,586999,585285,583772,582215,581026,-1,578832,-1,-1,574610,573534,572203,570805,569082,-1,565880
grand gangsters 3d,-1,-1,-1,-1,-1,-1,-1,-1,-1,-1,-1,-1,-1,-1,-1,-1,-1,-1,-1,-1,-1,-1,-1,-1,-1,-1,-1,-1,121578,-1,119075,-1,-1,116117,114230,112846,111305,110137,-1,108044,-1,-1,-1,-1,-1,100458,99323,-1,97748
basketball stars,-1,-1,-1,-1,-1,-1,-1,-1,-1,-1,-1,-1,-1,-1,305036,-1,-1,301901,300371,-1,-1,296307,295453,294508,293593,292668,-1,-1,289487,-1,287594,-1,-1,285126,283559,282418,281184,280178,-1,278597,-1,-1,274957,274082,273089,272130,271158,-1,269730
akinator the genie free,1062797,-1,1061166,1060294,-1,-1,-1,1056193,1055176,1054417,1053270,1052221,-1,-1,1048638,1047308,1045855,1044837,1043480,-1,-1,1039954,1038666,1037219,1035840,1034571,-1,-1,1031173,-1,1028695,1027578,-1,1026112,1024398,1023115,1021558,1020742,-1,1018982,-1,-1,1015253,1014370,1013483,1012748,1011903,-1,1010804
marvel future fight,-1,-1,-1,-1,-1,-1,-1,-1,1541858,1540947,1539507,1538600,-1,-1,1533712,1531256,1527349,1523893,1518843,-1,-1,-1,-1,-1,-1,-1,-1,-1,-1,-1,-1,-1,-1,-1,-1,-1,-1,-1,-1,-1,-1,-1,-1,-1,-1,-1,-1,-1,-1
rbc wallet,991,-1,982,980,-1,-1,-1,964,963,960,958,957,-1,-1,946,938,936,932,927,-1,-1,913,912,909,905,902,-1,-1,896,-1,888,-1,-1,878,871,869,862,855,-1,847,-1,-1,834,833,832,827,826,-1,821
hangouts dialer,114275,-1,114240,114237,-1,-1,-1,114126,114096,114075,114025,114004,-1,-1,113893,113863,113831,113806,113775,-1,-1,113697,113679,113625,113589,113551,-1,-1,113401,-1,113341,-1,-1,113237,113163,113124,113065,113052,-1,113001,-1,-1,112890,112870,112845,112825,112798,-1,112779
pic collage,1136335,-1,1134974,1134419,-1,-1,-1,1130837,1129994,1129445,1128589,1128017,-1,-1,1125709,1125036,1124271,1123704,1122920,-1,-1,1120738,1120131,1119129,1118365,1117592,-1,-1,1115001,-1,1113397,1112666,-1,1111659,1110524,1109969,1109030,1108405,-1,1107290,-1,-1,1104998,1104459,1103836,1103094,1102396,-1,1100712
fishdom,404394,-1,400821,398656,-1,-1,-1,389859,387815,386625,383530,381711,-1,-1,374537,372435,370321,369029,366502,-1,-1,360077,358246,355942,353153,351269,-1,-1,343382,-1,337849,334839,-1,330779,326368,322910,317262,315145,-1,311285,-1,-1,304196,302361,300344,298483,296522,-1,293680
puzzle & dragons,110708,-1,110638,110609,-1,-1,-1,110394,110339,110301,110254,110205,-1,-1,-1,-1,-1,-1,-1,-1,-1,-1,-1,-1,109301,109259,-1,-1,-1,-1,-1,-1,-1,-1,-1,-1,-1,-1,-1,-1,-1,-1,-1,-1,108296,108245,108206,-1,108160
puzzle & dragons,-1,-1,-1,-1,-1,-1,-1,-1,-1,-1,-1,-1,-1,-1,-1,-1,-1,-1,-1,-1,-1,-1,-1,-1,-1,-1,-1,-1,-1,-1,-1,-1,-1,-1,-1,-1,-1,-1,-1,-1,-1,-1,-1,-1,-1,-1,-1,-1,-1
crossy road,3709259,-1,3707299,3706489,-1,-1,-1,3701542,3700417,3699566,3698385,3697513,-1,-1,3693359,3692117,3690872,3689946,3688575,-1,-1,3684855,3683953,3682758,3681201,3680010,-1,-1,3675716,-1,3673281,3671811,-1,3669647,3667199,3665649,3663558,3662267,-1,3659953,-1,-1,3654591,3653730,3652721,3651796,3650790,-1,3648981
plants vs. zombies 2,448071,-1,447588,447319,-1,-1,-1,446104,445749,445500,445034,444807,-1,-1,443862,443593,443341,443190,442823,-1,-1,442051,441830,441473,441172,440855,-1,-1,439938,-1,439451,439149,-1,438825,438419,438209,437839,437560,-1,437060,-1,-1,436044,435665,435233,434553,434294,-1,433905
colornote notepad notes to do,1784057,-1,1782354,1781655,-1,-1,-1,1778194,1777352,1776627,1775558,1774870,-1,-1,1772343,1771447,1770591,1770084,1769010,-1,-1,1766719,1766056,1765142,1764126,1763392,-1,-1,1760896,-1,1759179,-1,-1,1756986,-1,1755190,1754188,1753511,-1,1752114,-1,-1,1749354,1748567,1747855,1746988,1746151,-1,1744929
ccleaner,615607,-1,615034,614726,-1,-1,-1,613015,612529,612204,611675,611221,-1,-1,609703,609190,608677,608337,607740,-1,-1,606326,606004,605373,604820,604368,-1,-1,602699,-1,601813,-1,-1,600685,599973,599424,598822,598378,-1,597567,-1,-1,596063,595724,595366,594994,594647,-1,594089
koodo self serve,10430,-1,10419,10407,-1,-1,-1,10376,10363,10359,10342,10336,-1,-1,10304,10290,10280,10267,10256,-1,-1,10230,10221,10216,10208,10202,-1,-1,10183,-1,10166,10155,-1,10145,10134,10121,10107,10102,-1,10092,-1,-1,10069,10064,10057,10048,10045,-1,10041
expedia hotels,71736,-1,71656,71618,-1,-1,-1,71464,71419,71399,71345,71322,-1,-1,71205,71169,71128,71095,71039,-1,-1,70926,70885,70842,70779,70741,-1,-1,70573,-1,70478,-1,-1,70392,70315,70261,70209,70162,-1,70089,-1,-1,69935,69878,69840,69801,69762,-1,69697
hangouts,1974637,-1,1969962,1967540,-1,-1,-1,1956312,1953701,1952121,1948312,1946014,-1,-1,1935168,1932342,1928645,1924942,1921529,-1,-1,1913202,1911255,1908398,-1,1902997,-1,-1,1894400,-1,-1,-1,-1,1883445,-1,-1,-1,1870773,-1,-1,-1,-1,1857892,1855573,1852750,1849969,1847007,-1,1842863
wifi analyzer,-1,-1,-1,-1,-1,-1,-1,-1,-1,-1,-1,-1,-1,-1,-1,-1,-1,-1,-1,-1,-1,-1,-1,-1,-1,-1,-1,-1,-1,-1,-1,-1,-1,-1,-1,-1,-1,-1,-1,308354,-1,-1,308073,308019,307979,307919,307864,-1,307780
youtube kids,77557,-1,77069,76792,-1,-1,-1,75630,75262,75057,74611,74362,-1,-1,73287,72884,72510,72299,71845,-1,-1,70672,70320,69889,69567,69252,-1,-1,68108,-1,67184,-1,-1,65576,63031,61614,61010,60853,-1,60621,-1,-1,60105,59975,59845,59717,59544,-1,59344
vine,1110334,-1,1109979,1109854,-1,-1,-1,1109048,1108814,1108618,1108361,1108194,-1,-1,1107516,1107259,1106962,1106756,1106461,-1,-1,1105637,1105373,1105114,1104887,1104652,-1,-1,1103886,-1,1103562,-1,-1,1103072,1102731,1102463,1102199,1102012,-1,1101688,-1,-1,1100972,1100806,1100602,1100466,1100277,-1,1100060
free adblocker browser,-1,-1,-1,-1,-1,-1,-1,-1,-1,-1,-1,-1,-1,-1,-1,-1,-1,-1,-1,-1,-1,-1,-1,-1,-1,-1,-1,-1,26504,-1,26083,-1,-1,25582,25097,24899,24634,24966,-1,24622,-1,-1,23980,23760,23585,23369,23148,-1,22830
slotomania,-1,-1,-1,-1,-1,-1,-1,-1,-1,-1,-1,-1,-1,-1,-1,-1,-1,-1,-1,-1,-1,-1,-1,-1,-1,-1,-1,-1,-1,-1,-1,879084,-1,878175,877288,876803,876053,875489,-1,874395,-1,-1,871772,871035,870131,869514,868770,-1,867911
barcode scanner,776651,-1,776618,776616,-1,-1,-1,-1,-1,-1,-1,-1,-1,-1,-1,-1,-1,-1,-1,-1,-1,775701,775648,775515,775430,775346,-1,-1,775042,-1,774927,-1,-1,774721,774562,774479,774361,774304,-1,774188,-1,-1,773983,773946,773895,773835,773795,-1,773762
barcode scanner,-1,-1,-1,-1,-1,-1,-1,-1,-1,-1,-1,-1,-1,-1,-1,-1,-1,-1,-1,-1,-1,-1,-1,-1,-1,-1,-1,-1,-1,-1,-1,-1,-1,-1,-1,-1,-1,-1,-1,-1,-1,-1,-1,-1,-1,-1,-1,-1,-1
farm heroes saga,6601961,-1,6598725,6597547,-1,-1,-1,6590168,6588327,6587151,6585054,6583646,-1,-1,6576513,6574180,6572325,6570789,6568029,-1,-1,6560105,6557651,6555320,6552475,6550196,-1,-1,6544803,-1,6540764,-1,-1,6535856,6532543,6530051,6526980,6524823,-1,6521103,-1,-1,6512129,6509590,6507163,6505207,6502742,-1,6499451
cleaner & booster for android,-1,-1,-1,-1,-1,-1,-1,-1,-1,-1,-1,-1,-1,-1,-1,-1,-1,-1,-1,-1,-1,-1,-1,-1,-1,880760,-1,-1,877958,-1,876034,875257,-1,873698,872375,871267,869833,868560,-1,866911,-1,-1,864573,863897,863138,862376,861586,-1,860529
best fiends,894041,-1,892017,890890,-1,-1,-1,885722,884336,883880,882777,882120,-1,-1,879320,878316,877176,876247,874841,-1,-1,870671,869296,867971,866741,865543,-1,-1,861184,-1,859217,-1,-1,857219,855925,854941,853944,853178,-1,851496,-1,-1,848278,847378,846340,845226,843906,-1,841471
bbm,9330536,-1,9311171,9301669,-1,-1,-1,9263010,9252014,9247747,9238637,9233694,-1,-1,9212845,9204686,9197006,9189693,9174360,-1,-1,9151617,9146052,9135900,9128013,9119946,-1,-1,9098346,-1,9086018,-1,-1,9069485,9059759,9052277,9043793,9036498,-1,9021640,-1,-1,8995916,8985476,8977212,8969358,8961701,-1,8949728
bbm,-1,-1,-1,-1,-1,-1,-1,-1,-1,-1,-1,-1,-1,-1,-1,-1,-1,-1,-1,-1,-1,-1,-1,-1,-1,-1,-1,-1,-1,-1,-1,-1,-1,-1,-1,-1,-1,-1,-1,-1,-1,-1,-1,-1,-1,-1,-1,-1,-1
adblock browser for android,73968,-1,73754,73633,-1,-1,-1,73096,72964,72857,72697,72562,-1,-1,72109,71957,71807,71702,71514,-1,-1,71112,70984,70817,70683,70544,-1,-1,70049,-1,69779,-1,-1,69448,69237,69097,68906,68773,-1,68527,-1,-1,68090,67997,67875,67764,67650,-1,67465
stickman soccer 2016,-1,-1,-1,-1,-1,-1,-1,-1,-1,-1,-1,-1,-1,-1,-1,-1,-1,-1,-1,-1,-1,-1,-1,-1,57179,56314,-1,-1,53377,-1,51776,-1,-1,49731,48260,47381,46126,45287,-1,43912,-1,-1,40855,40325,39640,38963,38314,-1,37225
simple radio by streema,61342,-1,61068,60899,-1,-1,-1,60245,60081,60011,59824,59733,-1,-1,59318,59182,59048,58980,58845,-1,-1,58525,58392,58253,58119,58000,-1,-1,57611,-1,57380,57263,-1,57062,56895,56788,56609,56448,-1,56232,-1,-1,55842,55696,55568,55429,55290,-1,55148
guitar tuner free,579394,-1,577812,576922,-1,-1,-1,572960,571997,571270,570103,569340,-1,-1,566107,565086,564089,563291,562139,-1,-1,559432,558469,557509,556492,555497,-1,-1,552551,-1,550660,-1,-1,548328,546889,546071,544764,543899,-1,542506,-1,-1,539493,538679,537904,537116,536296,-1,535123
malwarebytes anti-malware,-1,-1,-1,-1,-1,-1,-1,-1,-1,-1,-1,-1,-1,-1,82425,82326,82247,82165,82066,-1,-1,81776,81652,81526,81388,81247,-1,-1,80912,-1,80670,-1,-1,80384,80211,80101,79974,79880,-1,79708,-1,-1,79364,79298,79214,79152,79076,-1,78975
qr code reader,469067,-1,468932,468883,-1,-1,-1,468521,468421,468339,468219,468138,-1,-1,467824,179553,179080,178696,178162,-1,-1,176732,176376,175705,466946,466822,-1,-1,173339,-1,172398,-1,-1,171289,170666,170162,169634,465604,-1,465463,-1,-1,166959,166584,166163,165717,165266,-1,164703
skyview free,15291,-1,15261,15248,-1,-1,-1,15141,15100,15084,15053,15035,-1,-1,-1,-1,-1,-1,14875,-1,-1,-1,-1,-1,-1,-1,-1,-1,14592,-1,14528,14496,-1,14461,14404,-1,-1,14331,-1,14287,-1,-1,-1,14171,14163,14144,14113,-1,-1
cardboard,95422,-1,95272,95218,-1,-1,-1,94739,94622,94543,94382,94283,-1,-1,93843,93719,93579,93509,93356,-1,-1,92924,92834,92646,92480,92336,-1,-1,91843,-1,91560,-1,-1,91198,90956,90803,90575,90447,-1,90221,-1,-1,89756,89691,89625,89536,89437,-1,89335
smash hit,-1,-1,3284558,3283672,-1,-1,-1,3277623,3276098,3275079,3273459,3272019,-1,-1,3266755,3264926,3263095,3261764,3259636,-1,-1,3255676,3254706,3252970,3251510,3250109,-1,-1,3246294,-1,3243724,-1,-1,3240002,3238046,3236773,3234795,3233464,-1,3231445,-1,-1,3227158,3226256,3225306,3224490,3223524,-1,3221761
swiftkey keyboard,1977528,-1,1975884,1974905,-1,-1,-1,1970231,1969105,1968346,1967186,1966126,-1,-1,1962872,1961459,1960162,1959271,1958016,-1,-1,1954916,1953826,1952201,1951121,1949991,-1,-1,1946423,-1,1944006,-1,-1,1941514,1940037,1938993,1937647,1936614,-1,1934601,-1,-1,1931217,1930166,1928970,1927965,1926954,-1,1925616
cravetv,2627,-1,2623,2619,-1,-1,-1,2607,2605,2604,2602,2597,-1,-1,2592,2589,2589,2583,2577,-1,-1,2572,2570,2567,2565,2563,-1,-1,2551,-1,2547,-1,-1,2536,2523,2521,2518,2515,-1,2507,-1,-1,2499,2498,2495,2493,2492,-1,2487
playstationapp,464684,-1,464338,464112,-1,-1,-1,463041,462738,462568,462217,461975,-1,-1,461065,460797,460548,460286,460011,-1,-1,459206,458935,458572,458267,457977,-1,-1,457046,-1,456485,-1,-1,455688,455175,454851,454354,454063,-1,453489,-1,-1,452543,452365,452202,451969,451750,-1,451433
pou,9145137,-1,9140924,9140429,-1,-1,-1,9127640,9121450,9119880,9116425,9113623,-1,-1,9105092,9102229,9099404,9097056,9093560,-1,-1,9084865,9082785,9078991,9076430,9073425,-1,-1,9064229,-1,9059369,-1,-1,9053259,9048883,9045767,9042512,9039771,-1,9034733,-1,-1,9025579,9023309,9020936,9018616,9016150,-1,9012430
gin rummy plus,-1,-1,-1,-1,-1,-1,-1,-1,-1,-1,-1,-1,-1,-1,-1,69471,68266,67230,65820,-1,-1,62212,61165,59718,58378,57087,-1,-1,53188,-1,50537,49248,-1,47757,45995,44801,43267,41920,-1,39631,-1,-1,35788,34483,33114,31755,30528,-1,28949
five nights at freddy's 2 demo,1043421,-1,1042264,1041584,-1,-1,-1,1038298,1037433,1036992,1036030,1035212,-1,-1,1032432,1031593,1030798,1030353,1029455,-1,-1,1027141,1026353,1025666,1024883,1024127,-1,-1,1021223,-1,1019830,-1,-1,1018110,1016909,1015864,1014676,1013978,-1,1012806,-1,-1,1009974,1009273,1008534,1007886,1007238,-1,1006211
sniper 3d assassin,2506968,-1,2498408,2494416,-1,-1,-1,2467587,2459037,2455211,2449419,2445632,-1,-1,2428877,2424269,2419869,2416348,2410818,-1,-1,2396495,2391933,2387173,2382077,2377338,-1,-1,2362294,-1,2353495,-1,-1,2341790,2334964,2330658,2325833,2322135,-1,2315862,-1,-1,2301772,2298221,2294546,2290947,2287254,-1,2281676
sweat with kayla,3706,-1,3581,3537,-1,-1,-1,3161,3059,2990,2878,2823,-1,-1,2663,2592,2514,2430,2459,-1,-1,2312,2377,2322,2268,2214,-1,-1,2088,-1,2017,-1,-1,1948,1906,1883,1855,-1,-1,-1,-1,-1,1659,1613,1532,1503,1441,-1,1418
facebook groups,-1,-1,-1,-1,-1,-1,-1,-1,-1,-1,-1,-1,-1,-1,-1,-1,-1,-1,-1,-1,-1,-1,-1,-1,-1,-1,-1,-1,-1,-1,-1,-1,-1,-1,-1,-1,-1,-1,-1,-1,-1,-1,-1,-1,-1,-1,-1,-1,251832
world series of pokerwsop,404097,-1,403137,402610,-1,-1,-1,400303,399778,399382,398571,398087,-1,-1,396165,395386,394724,394286,393110,-1,-1,390921,390135,389268,387529,386650,-1,-1,383738,-1,383289,-1,-1,382370,381683,381172,380571,379856,-1,379002,-1,-1,377428,376952,376478,376076,375540,-1,374898
scrabble,-1,-1,128352,128299,-1,-1,-1,-1,128037,127985,127910,127844,-1,-1,127632,127569,127509,127444,127357,-1,-1,127137,127069,126971,126877,126833,-1,-1,126630,-1,126528,-1,-1,126410,126313,126258,126196,126141,-1,126046,-1,-1,125858,125812,125770,125725,125667,-1,125581
sky map,498632,-1,498540,498511,-1,-1,-1,498223,498156,498112,498005,497933,-1,-1,497664,-1,-1,497510,497465,-1,-1,-1,-1,-1,-1,-1,-1,-1,496442,-1,496291,-1,-1,496076,495957,495879,495813,495767,-1,495665,-1,-1,495449,495400,495350,495315,495269,-1,-1
magic jigsaw puzzles,153531,-1,-1,-1,-1,-1,-1,-1,-1,-1,-1,-1,-1,-1,-1,-1,-1,-1,-1,-1,-1,-1,-1,-1,-1,-1,-1,-1,-1,-1,-1,-1,-1,-1,147342,147125,146844,146686,-1,146406,-1,-1,145857,145703,145501,145276,145106,-1,144873
pc financial mobile banking,3594,-1,3589,3588,-1,-1,-1,3578,3574,3574,3570,3570,-1,-1,-1,3566,3564,3561,3559,-1,-1,3558,3557,3555,3552,3550,-1,-1,3542,-1,3539,-1,-1,3533,3531,3530,3529,3527,-1,3521,-1,-1,3514,3510,3509,3506,3503,-1,3500
fairway solitaire blast,-1,-1,-1,-1,-1,-1,-1,372962,372430,372037,371471,371064,-1,-1,369413,-1,-1,-1,-1,-1,-1,-1,-1,-1,-1,-1,-1,-1,-1,-1,-1,-1,-1,-1,-1,-1,-1,358196,-1,-1,-1,-1,354961,354453,353905,353331,352754,-1,351989
genies & gems,97052,-1,96163,95819,-1,-1,-1,93738,93278,92980,-1,-1,-1,-1,-1,-1,-1,-1,-1,-1,-1,87895,87600,87207,86790,86511,-1,-1,85355,-1,84667,-1,-1,83684,83080,82730,82114,81539,-1,80475,-1,-1,78257,77808,77595,77400,77188,-1,76859
angry birds go!,-1,-1,-1,-1,-1,-1,-1,-1,-1,-1,3420564,3419957,-1,-1,-1,3415966,3414903,3414320,3413199,-1,-1,-1,3409035,-1,-1,-1,-1,-1,3403055,-1,3401352,-1,-1,3398817,3397259,3396064,3394659,3393558,-1,3391736,-1,-1,3387367,3386483,3385445,3384725,3383427,-1,3381720
compass 360 pro,112340,-1,111838,111568,-1,-1,-1,110194,109895,109725,109303,109091,-1,-1,108293,107988,107695,107479,107127,-1,-1,106196,105988,105679,105410,105116,-1,-1,104184,-1,103630,-1,-1,102997,102572,102319,101943,101723,-1,101269,-1,-1,100291,100106,99837,99599,99346,-1,98961
user centre +,2525,-1,2523,2522,-1,-1,-1,2515,2515,2515,2514,2512,-1,-1,2503,2498,2496,2495,2492,-1,-1,2488,2488,2486,2482,2481,-1,-1,2475,-1,2460,-1,-1,2444,2443,2440,2438,2437,-1,2436,-1,-1,2430,2430,2428,2426,2424,-1,2423
user centre +,-1,-1,-1,-1,-1,-1,-1,-1,-1,-1,-1,-1,-1,-1,-1,-1,-1,-1,-1,-1,-1,-1,-1,-1,-1,-1,-1,-1,-1,-1,-1,-1,-1,-1,-1,-1,-1,-1,-1,-1,-1,-1,-1,-1,-1,-1,-1,-1,-1
sure universal remote,98101,-1,97738,97590,-1,-1,-1,96681,96478,96359,96069,95870,-1,-1,95218,94983,94750,94561,94290,-1,-1,93571,93343,93106,92881,92612,-1,-1,91910,-1,91468,-1,-1,90878,90486,90234,89934,89703,-1,89323,-1,-1,88587,88385,88149,87947,87692,-1,87325
capital one canada,6297,-1,6266,6249,-1,-1,-1,6194,6176,6163,6148,6134,-1,-1,6098,6085,6068,6050,6030,-1,-1,5989,5977,5963,5946,5937,-1,-1,5909,-1,5883,-1,-1,5842,5826,5819,5797,5773,-1,5744,-1,-1,5708,5695,5679,5665,5652,-1,5636
inbox by gmail,358520,-1,358281,358169,-1,-1,-1,357383,357133,356829,356590,356351,-1,-1,355758,355560,355387,355266,355085,-1,-1,354542,354384,353998,-1,353505,-1,-1,352928,-1,352607,-1,-1,352051,351711,351504,351106,350748,-1,350449,-1,-1,349717,349571,349399,349225,349018,-1,348733
inbox by gmail,-1,-1,-1,-1,-1,-1,-1,-1,-1,-1,-1,-1,-1,-1,-1,-1,-1,-1,-1,-1,-1,-1,-1,-1,-1,-1,-1,-1,-1,-1,-1,-1,-1,-1,-1,-1,-1,-1,-1,-1,-1,-1,-1,-1,-1,-1,-1,-1,-1
doubleup,-1,-1,-1,-1,-1,-1,-1,-1,-1,-1,-1,-1,-1,-1,-1,-1,-1,-1,-1,-1,-1,-1,-1,-1,-1,-1,-1,-1,-1,-1,-1,-1,-1,-1,-1,-1,-1,-1,-1,-1,-1,-1,-1,-1,-1,-1,45287,-1,44977
toca kitchen 2,359432,-1,358378,357829,-1,-1,-1,355007,354298,353735,352826,352032,-1,-1,348729,347672,346691,345858,344734,-1,-1,341864,340900,339778,338754,337768,-1,-1,334896,-1,333230,-1,-1,330962,329607,328522,327323,326362,-1,324690,-1,-1,321536,320802,320073,319435,318713,-1,317558
battery,-1,-1,-1,-1,-1,-1,-1,7923726,7921748,7920243,7918181,7916378,-1,-1,7910747,7908356,7906170,7904532,7902301,-1,-1,7895726,7893729,7891073,7888414,7885567,-1,-1,7877933,-1,7873123,-1,-1,7866102,-1,-1,-1,-1,-1,-1,-1,-1,-1,-1,-1,-1,-1,-1,-1
audio recorder,-1,-1,-1,-1,-1,-1,-1,91282,-1,-1,90148,89766,-1,-1,88764,88380,87934,87613,87078,-1,-1,86023,85588,85087,84623,84161,-1,-1,82984,-1,82094,-1,-1,81156,80619,80182,79663,79250,-1,78467,-1,-1,77203,76791,76352,75987,75616,-1,75120
fallout shelter,1690351,-1,1683585,1680675,-1,-1,-1,1664635,1659454,1655373,1648514,1643430,-1,-1,1620040,1611737,1603285,1594690,1584826,-1,-1,1578124,1576339,1573764,1572914,1572027,-1,-1,1569038,-1,1567515,1566610,-1,1565219,1563743,1562891,1561673,1560902,-1,1559653,-1,-1,1556805,1556187,1555075,1554225,1553234,-1,1551523
crackle,360319,-1,360192,360058,-1,-1,-1,359566,359453,359371,359205,359076,-1,-1,358648,358489,358337,358209,358085,-1,-1,357766,357656,357489,357351,357211,-1,-1,356759,-1,356480,-1,-1,356150,355899,355743,355560,355421,-1,355198,-1,-1,354698,354568,354434,354300,354181,-1,354004
move to ios,74258,-1,74119,74049,-1,-1,-1,73705,73612,73584,73472,73399,-1,-1,73086,72983,72897,72814,72722,-1,-1,72513,72434,72348,72245,72163,-1,-1,71927,-1,71734,-1,-1,71537,71418,71303,71180,71130,-1,70985,-1,-1,70716,70657,70578,70524,70456,-1,70352
whatscall,315269,-1,308750,305375,-1,-1,-1,290601,286346,283438,279158,275775,-1,-1,264853,260542,256205,252960,248200,-1,-1,235439,231547,227665,223320,219294,-1,-1,207075,-1,199623,196431,-1,189873,183998,179389,173220,168261,-1,159730,-1,-1,139131,135077,129513,124928,120234,-1,114022
whatscall,-1,-1,-1,-1,-1,-1,-1,-1,-1,-1,-1,-1,-1,-1,-1,-1,-1,-1,-1,-1,-1,-1,-1,-1,-1,-1,-1,-1,-1,-1,-1,-1,-1,-1,-1,-1,-1,-1,-1,-1,-1,-1,-1,-1,-1,-1,-1,-1,-1
hay day,7550411,-1,7542921,7540490,-1,-1,-1,7524878,7521765,7519378,7515647,7513112,-1,-1,7502109,7498549,7494961,7492217,7488689,-1,-1,7477782,7475182,7471503,7466946,7464096,-1,-1,7450854,-1,7443788,7439860,-1,7433048,7425494,7421219,7413538,7404074,-1,7392895,-1,-1,7370137,7364846,7356037,7338820,7298763,-1,7293663
hay day,-1,-1,-1,-1,-1,-1,-1,-1,-1,-1,-1,-1,-1,-1,-1,-1,-1,-1,-1,-1,-1,-1,-1,-1,-1,-1,-1,-1,-1,-1,-1,-1,-1,-1,-1,-1,-1,-1,-1,-1,-1,-1,-1,-1,-1,-1,-1,-1,-1
costco canada,2512,-1,2511,2508,-1,-1,-1,2497,2492,2488,-1,-1,-1,-1,2476,2475,2472,-1,-1,-1,-1,-1,-1,2450,-1,-1,-1,-1,2434,-1,2430,-1,-1,-1,-1,2423,2421,2420,-1,-1,-1,-1,-1,2410,2407,-1,-1,-1,-1
etsy,81335,-1,81253,81218,-1,-1,-1,81047,80997,80962,80910,80870,-1,-1,80742,80693,80642,80619,80567,-1,-1,80473,80435,80398,80372,80329,-1,-1,80192,-1,80101,-1,-1,80021,79968,79943,79888,79846,-1,79785,-1,-1,79672,79630,79599,79563,79524,-1,79470
monster legends,1339097,-1,1337224,1336111,-1,-1,-1,1330556,1329093,1328246,1326105,1324926,-1,-1,1320443,1319221,1317854,1316812,1315266,-1,-1,1310884,1309262,1307692,1306513,1305287,-1,-1,1301346,-1,1299292,1298185,-1,1296395,1294419,1293201,1291519,1289804,-1,1286582,-1,-1,1280278,1278366,1277248,1276259,1275083,-1,1273623
bitmoji,-1,-1,-1,-1,-1,-1,-1,-1,-1,-1,-1,-1,-1,-1,-1,-1,-1,-1,232397,-1,-1,231240,-1,-1,229795,229497,-1,-1,228620,-1,227985,-1,-1,227277,226863,226525,226104,225792,-1,225195,-1,-1,224172,223847,223491,223099,222788,-1,222314
bitmoji,-1,-1,-1,-1,-1,-1,-1,-1,-1,-1,-1,-1,-1,-1,-1,-1,-1,-1,-1,-1,-1,-1,-1,-1,-1,-1,-1,-1,-1,-1,-1,-1,-1,-1,-1,-1,-1,-1,-1,-1,-1,-1,-1,-1,-1,-1,-1,-1,-1
copy my data,6566,-1,6552,6548,-1,-1,-1,6488,6471,6462,6445,6435,-1,-1,6374,6358,6344,6335,6313,-1,-1,6275,6261,6243,6223,6208,-1,-1,6148,-1,6121,-1,-1,6081,6059,6044,6019,6011,-1,5989,-1,-1,5939,5928,5918,5907,5897,-1,5883
beat the boss 4,-1,-1,-1,-1,-1,-1,-1,-1,-1,-1,115142,114887,-1,-1,113440,112920,112411,111957,111402,-1,-1,109955,109416,108804,108258,107668,-1,-1,105844,-1,104678,-1,-1,103390,102738,102104,101258,100863,-1,100034,-1,-1,98387,98055,97719,97351,96996,-1,96392
sportsnet,3003,-1,2995,2994,-1,-1,-1,2974,-1,-1,-1,-1,-1,-1,-1,-1,-1,-1,-1,-1,-1,-1,2929,2928,2924,2919,-1,-1,2898,-1,2884,2880,-1,2877,2875,2870,2861,2858,-1,2854,-1,-1,2838,2835,2832,2831,2831,-1,2830
eventbrite,-1,-1,-1,-1,-1,-1,-1,-1,-1,-1,-1,-1,-1,-1,-1,-1,-1,-1,-1,-1,-1,-1,-1,-1,-1,-1,-1,-1,-1,-1,-1,-1,-1,-1,38844,-1,-1,-1,-1,38637,-1,-1,38533,38479,38437,38387,38339,-1,38289
asphalt nitro,-1,-1,-1,-1,-1,-1,-1,-1,-1,-1,-1,-1,-1,-1,-1,-1,-1,-1,-1,-1,-1,-1,-1,-1,-1,-1,-1,-1,-1,-1,-1,-1,-1,-1,655838,654108,652397,651114,-1,648525,-1,-1,643211,641797,639765,637721,635770,-1,633219
marvel contest of champions,1579066,-1,1577151,1576391,-1,-1,-1,1571313,1570020,1568939,1566495,1565611,-1,-1,1561609,1560234,1558686,1557505,1555962,-1,-1,1550731,1547834,1544531,1542789,1540922,-1,-1,1536391,-1,1534190,1532640,-1,1530735,1528583,1526993,1525047,1523904,-1,1521052,-1,-1,1515125,1513180,1510219,1507362,1503958,-1,1496670
marvel contest of champions,-1,-1,-1,-1,-1,-1,-1,-1,-1,-1,-1,-1,-1,-1,-1,-1,-1,-1,-1,-1,-1,-1,-1,-1,-1,-1,-1,-1,-1,-1,-1,-1,-1,-1,-1,-1,-1,-1,-1,-1,-1,-1,-1,-1,-1,-1,-1,-1,-1
imgur,-1,-1,94132,94002,-1,-1,-1,93494,93309,93149,-1,-1,-1,-1,-1,92046,91892,91751,91553,-1,-1,91073,90903,90719,90491,90287,-1,-1,89743,-1,89435,-1,-1,89033,88768,88618,88403,88257,-1,87933,-1,-1,87383,87231,87122,86930,86797,-1,86419
cloud vpn,145300,-1,144120,143468,-1,-1,-1,140909,140236,139759,138982,138365,-1,-1,136453,135869,135193,134138,133409,-1,-1,131689,131092,130443,129746,129077,-1,-1,-1,-1,-1,-1,-1,-1,-1,-1,-1,-1,-1,-1,-1,-1,-1,-1,-1,-1,116103,-1,111927
cloud vpn,-1,-1,-1,-1,-1,-1,-1,-1,-1,-1,-1,-1,-1,-1,-1,-1,-1,-1,-1,-1,-1,-1,-1,-1,-1,-1,-1,-1,-1,-1,-1,-1,-1,-1,-1,-1,-1,-1,-1,-1,-1,-1,-1,-1,-1,-1,-1,-1,-1
cloud vpn,-1,-1,-1,-1,-1,-1,-1,-1,-1,-1,-1,-1,-1,-1,-1,-1,-1,-1,-1,-1,-1,-1,-1,-1,-1,-1,-1,-1,-1,-1,-1,-1,-1,-1,-1,-1,-1,-1,-1,-1,-1,-1,-1,-1,-1,-1,-1,-1,-1
scatter slots,-1,-1,-1,-1,-1,-1,-1,-1,314058,313599,-1,-1,-1,-1,-1,-1,-1,-1,-1,-1,-1,-1,-1,-1,-1,-1,-1,-1,301096,-1,299762,-1,-1,297580,296056,295053,294231,293489,-1,291913,-1,-1,288817,287875,286998,286188,285329,-1,284008
bell tv,3189,-1,3188,3186,-1,-1,-1,3183,3180,3178,3177,3174,-1,-1,3171,3171,3173,3171,3166,-1,-1,3161,3160,3159,3158,3154,-1,-1,3148,-1,3144,-1,-1,3136,3129,3127,3124,3123,-1,3121,-1,-1,3116,3114,3113,3112,3110,-1,3107
kids doodle,359504,-1,359163,359083,-1,-1,-1,358216,357987,357783,357513,357277,-1,-1,356608,356405,356210,356035,355793,-1,-1,355147,354997,354728,354524,354318,-1,-1,353592,-1,353150,-1,-1,352754,352380,352104,351886,351749,-1,351458,-1,-1,350869,350758,350634,350530,350405,-1,350221
kids doodle,-1,-1,-1,-1,-1,-1,-1,-1,-1,-1,-1,-1,-1,-1,-1,-1,-1,-1,-1,-1,-1,-1,-1,-1,-1,-1,-1,-1,-1,-1,-1,-1,-1,-1,-1,-1,-1,-1,-1,-1,-1,-1,-1,-1,-1,-1,-1,-1,-1
match dating,55097,-1,55014,54979,-1,-1,-1,54814,54789,54758,54716,54683,-1,-1,54558,54519,54470,54451,54422,-1,-1,54302,54286,54238,54185,54150,-1,-1,54013,-1,53906,53844,-1,53755,53694,53656,53608,53577,-1,53505,-1,-1,53369,53318,53273,53223,53186,-1,53124
snow,-1,-1,-1,-1,-1,-1,-1,147626,146423,145660,144071,143270,-1,-1,139028,137680,136237,135168,133845,-1,-1,129323,128407,127142,126056,125022,-1,-1,-1,-1,-1,-1,-1,-1,-1,-1,-1,-1,-1,108833,-1,-1,104430,-1,102364,101289,100203,-1,98754
free phone calls,157189,-1,156912,156751,-1,-1,-1,155987,155798,155654,155446,155266,-1,-1,154709,154526,154348,-1,154009,-1,-1,153461,153339,153134,152948,152756,-1,-1,152167,-1,151783,-1,-1,151317,151027,150820,150565,150392,-1,150025,-1,-1,149373,149211,149006,148819,148586,-1,148320
game tuner,-1,-1,-1,-1,-1,-1,-1,9846,9756,9705,9599,9518,-1,-1,9219,9101,8973,8852,8698,-1,-1,8165,7957,7744,7588,7440,-1,-1,6979,-1,6661,6513,-1,6300,6017,5832,5507,5394,-1,5250,-1,-1,4948,4918,4871,4829,4798,-1,4717
driving school 2016,-1,-1,-1,-1,-1,-1,-1,-1,-1,-1,-1,-1,-1,-1,-1,370329,368582,-1,-1,-1,-1,-1,-1,-1,-1,-1,-1,-1,-1,-1,-1,-1,-1,-1,340709,339007,336682,335519,-1,332435,-1,-1,326394,324777,323040,321459,319729,-1,316952
heads up!,175269,-1,175149,175109,-1,-1,-1,174809,174710,174645,174559,174496,-1,-1,174273,174181,174105,174056,173965,-1,-1,173710,173616,173522,173436,173333,-1,-1,172964,-1,172780,172688,-1,172553,172385,172251,172138,172044,-1,171893,-1,-1,171596,171548,171497,171445,171404,-1,171308
just eat,-1,-1,4212,4207,-1,-1,-1,-1,-1,-1,-1,-1,-1,-1,-1,-1,-1,4093,4086,-1,-1,-1,-1,-1,4037,4031,-1,-1,-1,-1,3987,-1,-1,3978,3961,3949,3940,3937,-1,3927,-1,-1,3914,3908,3902,3901,3897,-1,3890
just eat,-1,-1,-1,-1,-1,-1,-1,-1,-1,-1,-1,-1,-1,-1,-1,-1,-1,-1,-1,-1,-1,-1,-1,-1,-1,-1,-1,-1,-1,-1,-1,-1,-1,-1,-1,-1,-1,-1,-1,-1,-1,-1,-1,-1,-1,-1,-1,-1,-1
touchgrind skate 2,-1,-1,-1,-1,-1,-1,-1,-1,-1,-1,-1,-1,-1,-1,-1,-1,-1,-1,-1,-1,-1,-1,-1,-1,52435,52215,-1,-1,51425,-1,51098,-1,-1,50495,49999,49689,49265,49021,-1,48573,-1,-1,47564,47332,47137,46882,46619,-1,46180
good pizza,-1,-1,-1,-1,-1,-1,-1,-1,-1,-1,-1,-1,-1,-1,-1,-1,-1,-1,-1,-1,-1,-1,-1,37765,37308,36765,-1,-1,-1,-1,33860,-1,-1,32734,31866,31289,30592,30082,-1,-1,-1,-1,-1,-1,-1,-1,-1,-1,-1
highway traffic rider,-1,-1,-1,-1,-1,-1,-1,-1,-1,-1,-1,-1,-1,-1,-1,-1,-1,-1,-1,-1,-1,151193,150053,148757,-1,-1,-1,-1,142919,-1,140899,-1,-1,137169,135384,134202,132107,130736,-1,128692,-1,-1,124172,123255,122456,121540,120456,-1,118527
callapp,277725,-1,276525,275895,-1,-1,-1,273020,272286,271692,270727,269889,-1,-1,267253,266240,265189,264336,262934,-1,-1,259877,258982,257974,256984,255969,-1,-1,253511,-1,251847,-1,-1,249584,248805,248228,247591,247115,-1,246111,-1,-1,244771,244395,244003,243623,243256,-1,242727
7-eleven,-1,-1,-1,-1,-1,-1,-1,-1,-1,-1,-1,-1,-1,-1,35134,35122,35104,35092,35079,-1,-1,34995,34948,34893,34833,-1,-1,-1,-1,-1,-1,-1,-1,-1,34601,34586,34572,34561,-1,34540,-1,-1,34505,34493,34477,34464,34451,-1,-1
applock pro,-1,-1,-1,-1,-1,-1,-1,-1,-1,-1,-1,-1,-1,-1,-1,-1,-1,-1,-1,-1,-1,-1,-1,-1,-1,-1,-1,-1,-1,-1,-1,-1,-1,-1,-1,-1,-1,-1,-1,-1,-1,-1,-1,-1,-1,54509,54338,-1,54074
exploration lite,1756052,-1,1753438,1752530,-1,-1,-1,1746428,1744953,1743858,1742136,1740965,-1,-1,1735663,1734017,1732306,1731072,1729357,-1,-1,1724803,1723680,1721893,1720474,1719026,-1,-1,1714678,-1,1712204,-1,-1,1708874,1706648,1705228,1703352,1702237,-1,1700205,-1,-1,1695332,1694142,1692796,1691703,1690524,-1,1688557
camscanner -phone pdf creator,-1,-1,-1,-1,-1,-1,-1,822361,821719,821220,-1,-1,-1,-1,818021,-1,-1,-1,-1,-1,-1,813660,812825,811959,-1,-1,-1,-1,809236,-1,808012,-1,-1,-1,805681,805198,804406,803813,-1,802863,-1,-1,801224,800751,800354,-1,799383,-1,798710
sudoku,112697,-1,112161,111899,-1,-1,-1,110664,110366,110173,109763,109533,-1,-1,-1,108388,108103,107847,107507,-1,-1,106604,106335,106006,105689,105381,-1,-1,104482,-1,103941,-1,-1,103221,102856,102551,102159,101911,-1,101443,-1,-1,100568,100286,99983,99691,99413,-1,98998
lego dc mighty micros,-1,-1,-1,-1,-1,-1,-1,-1,-1,-1,-1,-1,-1,-1,-1,-1,-1,-1,-1,-1,-1,-1,-1,-1,-1,-1,-1,-1,31472,-1,31187,-1,-1,30686,30350,-1,-1,-1,-1,-1,-1,-1,-1,-1,-1,28699,28560,-1,-1
angry birds transformers,-1,-1,-1,-1,-1,-1,-1,-1,-1,-1,-1,-1,-1,-1,-1,-1,-1,-1,-1,-1,-1,-1,-1,-1,-1,-1,-1,-1,-1,-1,-1,-1,-1,-1,-1,-1,-1,-1,-1,-1,-1,-1,-1,-1,-1,-1,1257917,-1,-1
google,3528734,-1,3518381,3513406,-1,-1,-1,3490273,3484596,3481239,3472856,3467495,-1,-1,3439070,-1,-1,3413798,3408330,-1,-1,3391342,3385899,3379575,-1,3367669,-1,-1,3349115,-1,-1,-1,-1,-1,-1,-1,-1,-1,-1,-1,-1,-1,3248325,-1,-1,-1,-1,-1,3219196
virgin mobile my account,3025,-1,3022,3022,-1,-1,-1,3019,3014,3013,3011,3008,-1,-1,2998,2992,2990,2987,2981,-1,-1,2972,2973,2971,-1,2963,-1,-1,2954,-1,-1,-1,-1,-1,2940,2936,2933,2933,-1,2927,-1,-1,2919,2913,2909,2904,2901,-1,2896
glow hockey,1388866,-1,1388047,1387743,-1,-1,-1,1385288,1384657,1384219,1383531,1383109,-1,-1,1381007,1380412,1379763,1379301,1378623,-1,-1,1376852,1376295,1375627,1375027,1374487,-1,-1,1372619,-1,1371660,-1,-1,1370422,1369553,1368907,1368275,1367821,-1,1366989,-1,-1,-1,-1,1364579,1364236,1363856,-1,-1
disney gif,-1,-1,-1,-1,-1,-1,-1,-1,-1,-1,-1,-1,-1,-1,-1,-1,-1,-1,-1,-1,-1,-1,-1,-1,-1,8361,-1,-1,8170,-1,7999,7883,-1,7760,-1,-1,-1,-1,-1,-1,-1,-1,7153,7121,7087,7026,6945,-1,6863
disney gif,-1,-1,-1,-1,-1,-1,-1,-1,-1,-1,-1,-1,-1,-1,-1,-1,-1,-1,-1,-1,-1,-1,-1,-1,-1,-1,-1,-1,-1,-1,-1,-1,-1,-1,-1,-1,-1,-1,-1,-1,-1,-1,-1,-1,-1,-1,-1,-1,-1
cm launcher 3d,-1,-1,-1,3239209,-1,-1,-1,-1,-1,-1,3217339,3214441,-1,-1,3204239,3200995,3197749,3194666,3190435,-1,-1,3179388,3175749,3172005,3168180,3164507,-1,-1,3153070,-1,3146940,-1,-1,3138365,3133013,3128766,3124290,3121162,-1,3114663,-1,-1,3101071,3097241,3093098,3089984,3085687,-1,3080516
need for speed no limits,-1,-1,-1,-1,-1,-1,-1,-1,-1,-1,1480761,1478861,-1,-1,1470845,1467788,1464782,1462449,1459230,-1,-1,1450628,1448605,1445130,1442203,1439357,-1,-1,1430400,-1,1425166,-1,-1,1417361,1412707,1409916,1405639,1402733,-1,1397554,-1,-1,1387796,1385342,1383053,1380687,1377919,-1,1373178
blossom blast saga,-1,-1,-1,-1,-1,-1,-1,-1,-1,-1,-1,-1,-1,-1,-1,-1,-1,-1,-1,-1,-1,-1,-1,-1,-1,-1,-1,-1,-1,-1,-1,-1,-1,-1,-1,-1,-1,714842,-1,712788,-1,-1,709231,708228,707161,706068,704940,-1,703271
blossom blast saga,-1,-1,-1,-1,-1,-1,-1,-1,-1,-1,-1,-1,-1,-1,-1,-1,-1,-1,-1,-1,-1,-1,-1,-1,-1,-1,-1,-1,-1,-1,-1,-1,-1,-1,-1,-1,-1,-1,-1,-1,-1,-1,-1,-1,-1,-1,-1,-1,-1
skyscanner,-1,-1,-1,-1,-1,-1,-1,-1,-1,-1,-1,-1,-1,-1,-1,-1,-1,-1,-1,-1,-1,-1,-1,-1,-1,-1,-1,-1,-1,-1,-1,-1,-1,-1,-1,-1,-1,-1,-1,-1,-1,-1,253407,253219,253031,-1,-1,-1,252273
3d bowling,911977,-1,911250,910912,-1,-1,-1,908881,908432,908172,907576,907202,-1,-1,-1,-1,-1,-1,-1,-1,-1,-1,-1,-1,-1,-1,-1,-1,-1,-1,-1,-1,-1,-1,-1,-1,-1,-1,-1,-1,-1,-1,-1,-1,-1,-1,-1,-1,-1
missiles!,-1,-1,-1,-1,-1,-1,-1,-1,-1,-1,-1,-1,-1,-1,-1,-1,-1,-1,-1,-1,-1,-1,-1,27095,-1,-1,-1,-1,-1,-1,24887,-1,-1,24084,23369,22899,22409,22068,-1,21581,-1,-1,20387,20240,20102,19954,19811,-1,19653
2048,-1,-1,-1,-1,-1,-1,-1,-1,-1,-1,-1,-1,-1,-1,-1,-1,-1,-1,-1,-1,-1,-1,-1,157983,157817,157660,-1,-1,157005,-1,156617,-1,-1,156166,155876,155684,155452,155267,-1,-1,-1,-1,-1,-1,-1,-1,-1,-1,153557
dream league soccer 2016,-1,-1,-1,-1,-1,-1,-1,-1,-1,-1,-1,-1,-1,-1,1938536,1920797,1900718,1885803,1871340,-1,-1,1833761,1821163,1807700,1794194,1780490,-1,-1,1735587,-1,1708160,1692389,-1,1667094,1638735,1620590,1597415,1580749,-1,1552814,-1,-1,1481993,1466900,1450936,1437940,1415839,-1,1386721
dream league soccer 2016,-1,-1,-1,-1,-1,-1,-1,-1,-1,-1,-1,-1,-1,-1,-1,-1,-1,-1,-1,-1,-1,-1,-1,-1,-1,-1,-1,-1,-1,-1,-1,-1,-1,-1,-1,-1,-1,-1,-1,-1,-1,-1,-1,-1,-1,-1,-1,-1,-1
voez,-1,-1,-1,-1,-1,-1,-1,-1,-1,-1,-1,-1,-1,-1,-1,-1,-1,-1,-1,-1,-1,-1,-1,-1,-1,-1,-1,-1,-1,-1,-1,-1,-1,-1,-1,-1,-1,-1,-1,-1,-1,-1,28472,28090,27721,27331,26905,-1,26069
trivago the hotel search,-1,-1,94380,94237,-1,-1,-1,93461,93292,-1,92959,92818,-1,-1,92155,91956,91721,91572,91285,-1,-1,90632,90392,90102,89865,89694,-1,-1,89167,-1,88873,88739,-1,88556,88353,88226,88006,87926,-1,87714,-1,-1,87299,87213,87090,86977,86850,-1,86663
uno& friends,-1,-1,-1,-1,-1,-1,-1,-1,1153684,1153252,1152287,1151720,-1,-1,1148921,1147868,1146543,1145715,1144551,-1,-1,1142161,1141324,1140371,1139356,1138294,-1,-1,1134232,-1,1130091,1127490,-1,1123591,1118828,1115255,1111171,1110340,-1,1108589,-1,-1,1105000,1104227,1103357,1102534,1101704,-1,1100486
bloons td battles,524399,-1,523709,-1,-1,-1,-1,-1,-1,-1,-1,-1,-1,-1,-1,-1,-1,-1,-1,-1,-1,-1,-1,-1,-1,514875,-1,-1,513540,-1,512762,-1,-1,511649,510659,509801,508197,507439,-1,506417,-1,-1,503786,503324,502852,502424,501716,-1,500118
varagesale,46307,-1,46230,46183,-1,-1,-1,45948,45890,45861,45767,45714,-1,-1,45563,45507,45444,45406,45346,-1,-1,45156,45096,45019,44948,44891,-1,-1,44664,-1,44544,-1,-1,44427,44350,44288,44212,44155,-1,44046,-1,-1,43891,43825,43780,43732,43688,-1,43631
tubi tv,40140,-1,39684,39466,-1,-1,-1,38489,38253,38023,37683,37382,-1,-1,36756,36504,36240,35984,35694,-1,-1,34972,34809,34562,34326,34064,-1,-1,33235,-1,32515,32065,-1,31463,30879,30538,30024,29755,-1,29164,-1,-1,27966,27677,27372,27022,26689,-1,26127
photo collage editor,-1,-1,-1,-1,-1,-1,-1,-1,-1,-1,-1,-1,-1,-1,903965,903554,903129,902810,902367,-1,-1,-1,900805,900304,899852,899300,-1,-1,897895,-1,897057,-1,-1,895953,895218,894808,894094,893633,-1,892927,-1,-1,891439,891112,890772,890382,889991,-1,889243
telus my account,12497,-1,12483,12468,-1,-1,-1,12432,12421,12407,12390,12377,-1,-1,12343,12333,12323,12314,12299,-1,-1,12269,12256,12241,12226,12213,-1,-1,12187,-1,12168,-1,-1,12143,12124,12117,12101,12094,-1,12086,-1,-1,12053,12047,12032,12024,12018,-1,12003
android auto,7868,-1,7826,7804,-1,-1,-1,7704,7678,7645,7613,7585,-1,-1,7496,7459,7439,7424,7399,-1,-1,7305,7280,7245,7220,7201,-1,-1,7137,-1,7085,-1,-1,7034,6995,6963,6922,6903,-1,6865,-1,-1,6796,6779,6758,6739,6720,-1,6691
dead target,-1,-1,-1,-1,-1,-1,-1,-1,-1,-1,-1,-1,-1,-1,-1,-1,-1,-1,-1,-1,-1,814535,813132,-1,-1,-1,-1,-1,-1,-1,-1,-1,-1,-1,-1,-1,-1,-1,-1,-1,-1,-1,-1,-1,-1,-1,-1,-1,-1
slack,-1,-1,-1,-1,-1,-1,-1,-1,-1,-1,-1,-1,-1,-1,-1,-1,-1,-1,-1,-1,-1,33484,33426,-1,-1,-1,-1,-1,-1,-1,-1,-1,-1,-1,32873,32825,32732,-1,-1,-1,-1,-1,32347,32315,32278,-1,-1,-1,32204
word search,583013,-1,582528,582284,-1,-1,-1,581227,580972,580788,2283,2259,-1,-1,2172,1923,1477,1252,1108,-1,-1,578323,-1,-1,-1,-1,-1,-1,576810,-1,576404,-1,-1,575887,575556,575387,575124,574952,-1,574563,-1,-1,573791,573620,573420,573238,573046,-1,-1
forge of empires,-1,-1,-1,-1,-1,-1,-1,-1,-1,-1,-1,-1,-1,-1,-1,-1,-1,-1,-1,-1,-1,-1,-1,-1,-1,-1,-1,-1,-1,-1,-1,-1,-1,-1,-1,237227,236755,236388,-1,235680,-1,-1,233995,-1,-1,-1,-1,-1,-1
transit directions by moovit,402787,-1,402104,401785,-1,-1,-1,400573,-1,-1,-1,-1,-1,-1,-1,-1,-1,-1,-1,-1,-1,-1,-1,-1,-1,-1,-1,-1,-1,-1,-1,-1,-1,-1,-1,-1,-1,-1,-1,-1,-1,-1,-1,-1,-1,-1,388124,-1,387679
transit directions by moovit,-1,-1,-1,-1,-1,-1,-1,-1,-1,-1,-1,-1,-1,-1,-1,-1,-1,-1,-1,-1,-1,-1,-1,-1,-1,-1,-1,-1,-1,-1,-1,-1,-1,-1,-1,-1,-1,-1,-1,-1,-1,-1,-1,-1,-1,-1,-1,-1,-1
free books & stories,1949362,-1,1946797,1945223,-1,-1,-1,1938774,1937051,1935992,1933718,1932317,-1,-1,1927086,1925197,1923278,1921303,1919314,-1,-1,1914216,1912469,1910680,1908986,1907231,-1,-1,1902030,-1,1898890,-1,-1,1894571,1892199,1890794,1888435,1886874,-1,1884356,-1,-1,1879025,1877337,1876113,1874806,1873360,-1,1870893
free books & stories,-1,-1,-1,-1,-1,-1,-1,-1,-1,-1,-1,-1,-1,-1,-1,-1,-1,-1,-1,-1,-1,-1,-1,-1,-1,-1,-1,-1,-1,-1,-1,-1,-1,-1,-1,-1,-1,-1,-1,-1,-1,-1,-1,-1,-1,-1,-1,-1,-1
talking tom bubble shooter,393307,-1,392132,391530,-1,-1,-1,388536,387794,387208,386277,385388,-1,-1,382511,381664,380645,379749,378669,-1,-1,375622,374690,373479,372274,371096,-1,-1,367875,-1,365970,-1,-1,-1,-1,-1,-1,-1,-1,-1,-1,-1,-1,-1,-1,-1,-1,-1,-1
go launcher-themewallpaper,6117483,-1,6112229,6110389,-1,-1,-1,-1,-1,-1,-1,-1,-1,-1,-1,-1,-1,-1,-1,-1,-1,-1,-1,-1,-1,-1,-1,-1,-1,-1,-1,-1,-1,-1,-1,-1,-1,-1,-1,-1,-1,-1,-1,-1,-1,-1,-1,-1,6033274
google opinion rewards,408740,-1,407835,407463,-1,-1,-1,405314,404686,404201,403399,402703,-1,-1,400634,399864,399031,398352,397334,-1,-1,394948,394091,393193,392382,391587,-1,-1,389339,-1,388102,387552,-1,386750,385742,385137,384211,383517,-1,382305,-1,-1,380474,380140,379820,379533,379215,-1,378806
five nights at freddy's 4 demo,581935,-1,580865,580237,-1,-1,-1,577335,576441,576035,574998,574406,-1,-1,-1,-1,-1,-1,-1,-1,-1,-1,566666,565954,565095,564524,-1,-1,561988,-1,560507,-1,-1,558696,557472,556682,555596,554951,-1,553907,-1,-1,551211,550596,550021,549433,548802,-1,-1
cut the rope full free,-1,-1,-1,-1,-1,-1,-1,1584114,1583780,1583550,1583137,1582782,-1,-1,1581181,1580507,1579862,1579408,1578611,-1,-1,1576830,1576222,1575576,1574973,1574473,-1,-1,1572761,-1,1571999,-1,-1,1570916,1570156,1569593,1568763,1568264,-1,1567521,-1,-1,1565974,1565684,1565298,1565064,1564770,-1,1564308
infinity loop,-1,-1,-1,-1,-1,-1,-1,-1,-1,-1,-1,-1,-1,-1,212092,211545,210931,210349,209576,-1,-1,208296,207876,207186,206506,205949,-1,-1,203585,-1,202029,201310,-1,200170,198830,198107,196926,196321,-1,195421,-1,-1,193530,193374,193147,192928,192685,-1,192328
protect free vpn+data manager,-1,-1,-1,-1,-1,-1,-1,-1,-1,-1,-1,-1,-1,-1,5544,5437,5335,5213,5019,-1,-1,4577,4436,4312,4186,4100,-1,-1,3980,-1,3878,3822,-1,3710,3598,3552,3482,3445,-1,3350,-1,-1,3222,3175,3122,3034,2947,-1,2834
the simpsons,586542,-1,586345,586278,-1,-1,-1,-1,-1,-1,-1,-1,-1,-1,-1,-1,-1,-1,-1,-1,-1,-1,-1,-1,-1,-1,-1,-1,-1,-1,-1,-1,-1,-1,-1,-1,-1,-1,-1,-1,-1,-1,-1,-1,-1,-1,-1,-1,-1
mp3 music download player,21046,-1,20969,20939,-1,-1,-1,20791,20739,20710,20670,20635,-1,-1,20496,20443,20388,20348,20321,-1,-1,20199,20174,20122,20077,20042,-1,-1,19948,-1,19864,19832,-1,19786,19717,19648,19593,19561,-1,19509,-1,-1,19387,19342,19303,19252,19223,-1,19172
mp3 music download player,-1,-1,-1,-1,-1,-1,-1,-1,-1,-1,-1,-1,-1,-1,-1,-1,-1,-1,-1,-1,-1,-1,-1,-1,-1,-1,-1,-1,-1,-1,-1,-1,-1,-1,-1,-1,-1,-1,-1,-1,-1,-1,-1,-1,-1,-1,-1,-1,-1
mp3 music download player,-1,-1,-1,-1,-1,-1,-1,-1,-1,-1,-1,-1,-1,-1,-1,-1,-1,-1,-1,-1,-1,-1,-1,-1,-1,-1,-1,-1,-1,-1,-1,-1,-1,-1,-1,-1,-1,-1,-1,-1,-1,-1,-1,-1,-1,-1,-1,-1,-1
flipagram,1311448,-1,1310572,-1,-1,-1,-1,1307878,1307301,1306893,-1,-1,-1,-1,-1,-1,-1,-1,-1,-1,-1,-1,1298057,1297413,1296773,1296128,-1,-1,1294087,-1,1292774,-1,-1,1291188,1290241,1289551,1288653,1287871,-1,1286724,-1,-1,1284571,1283960,1283295,1282665,1282003,-1,1280786
dragon city,3897787,-1,3889559,3886360,-1,-1,-1,3865939,3860631,3855942,3848130,3842914,-1,-1,3818230,3809923,3804143,3798654,3792141,-1,-1,3779163,3774832,3770446,3766150,3761891,-1,-1,3747609,-1,3739476,3735818,-1,3729391,3722355,3716568,3710525,3705313,-1,3696245,-1,-1,3672467,3664878,3658439,3654928,3651281,-1,3646010
dragon city,-1,-1,-1,-1,-1,-1,-1,-1,-1,-1,-1,-1,-1,-1,-1,-1,-1,-1,-1,-1,-1,-1,-1,-1,-1,-1,-1,-1,-1,-1,-1,-1,-1,-1,-1,-1,-1,-1,-1,-1,-1,-1,-1,-1,-1,-1,-1,-1,-1
dragon city,-1,-1,-1,-1,-1,-1,-1,-1,-1,-1,-1,-1,-1,-1,-1,-1,-1,-1,-1,-1,-1,-1,-1,-1,-1,-1,-1,-1,-1,-1,-1,-1,-1,-1,-1,-1,-1,-1,-1,-1,-1,-1,-1,-1,-1,-1,-1,-1,-1
zoosk,431374,-1,431187,431090,-1,-1,-1,430604,430505,430410,430276,430189,-1,-1,429744,429614,429496,429381,429247,-1,-1,428876,428782,428644,428521,428371,-1,-1,427868,-1,427603,-1,-1,427233,427017,426837,426689,426567,-1,426241,-1,-1,425757,425628,425498,425361,425191,-1,424988
tango,-1,-1,3491563,3490614,-1,-1,-1,-1,3483674,3482701,-1,-1,-1,-1,-1,3469960,3467745,3466074,3463449,-1,-1,3456286,3453866,3451248,3448959,3446294,-1,-1,3438562,-1,3435538,-1,-1,3431789,3429369,3427446,3424164,3421653,-1,3417053,-1,-1,3407272,3404217,3401644,3399370,3397435,-1,3394132
dropple,-1,-1,-1,-1,-1,-1,-1,-1,-1,-1,-1,-1,-1,-1,-1,-1,-1,-1,-1,-1,-1,-1,-1,-1,-1,-1,-1,-1,6027,-1,5834,5737,-1,5577,5397,5309,5102,4987,-1,4604,-1,-1,3617,3502,3344,3252,3167,-1,-1
free music & player,-1,-1,-1,-1,-1,-1,-1,-1,-1,-1,-1,-1,-1,-1,-1,-1,-1,-1,-1,-1,-1,-1,-1,-1,-1,-1,-1,-1,-1,-1,-1,-1,-1,8604,8530,8474,8421,8407,-1,8368,-1,-1,8213,8171,8139,8091,8054,-1,7974
google+,2681328,-1,2675353,2674180,-1,-1,-1,2666267,2664408,2662970,2660692,2658985,-1,-1,2649537,2645972,2643747,2642409,2640688,-1,-1,2635433,2634431,2632210,-1,2628276,-1,-1,2622061,-1,-1,-1,-1,-1,-1,-1,-1,-1,-1,-1,-1,-1,2588237,-1,-1,-1,-1,-1,2577116
music player for android,-1,-1,-1,-1,-1,-1,-1,-1,-1,-1,-1,-1,-1,-1,-1,-1,-1,-1,-1,-1,-1,-1,-1,-1,-1,-1,-1,-1,-1,-1,-1,-1,-1,-1,-1,-1,-1,-1,-1,-1,-1,-1,119239,119178,-1,-1,-1,-1,118899
music player for android,-1,-1,-1,-1,-1,-1,-1,-1,-1,-1,-1,-1,-1,-1,-1,-1,-1,-1,-1,-1,-1,-1,-1,-1,-1,-1,-1,-1,-1,-1,-1,-1,-1,-1,-1,-1,-1,-1,-1,-1,-1,-1,-1,-1,-1,-1,-1,-1,-1
hydro-qubec,-1,-1,-1,-1,-1,-1,-1,-1,92,92,91,91,-1,-1,88,88,87,86,84,-1,-1,-1,-1,76,75,-1,-1,-1,66,-1,63,-1,-1,60,-1,59,59,59,-1,58,-1,-1,56,54,54,-1,-1,-1,-1
songpop 2,-1,-1,-1,-1,-1,-1,-1,-1,-1,-1,-1,-1,-1,-1,-1,-1,-1,-1,-1,-1,-1,-1,-1,-1,-1,-1,-1,-1,-1,-1,-1,-1,-1,-1,-1,-1,-1,-1,-1,-1,-1,-1,-1,39468,39337,-1,-1,-1,-1
yp yellow pages canada,-1,-1,-1,-1,-1,-1,-1,-1,-1,-1,-1,-1,-1,-1,8163,8162,8158,-1,8155,-1,-1,8151,8150,-1,-1,-1,-1,-1,8141,-1,8136,-1,-1,-1,8129,8128,8126,8125,-1,8122,-1,-1,8115,8113,8110,8109,8107,-1,8103
talking tom jetski,278610,-1,277825,277448,-1,-1,-1,275277,274710,274316,273688,273088,-1,-1,270962,270320,269525,268916,268002,-1,-1,265727,265083,264284,263415,262608,-1,-1,-1,-1,-1,-1,-1,-1,-1,-1,-1,-1,-1,-1,-1,-1,-1,-1,-1,-1,-1,-1,-1
google now launcher,-1,-1,-1,-1,-1,-1,-1,693691,-1,-1,692365,691998,-1,-1,690653,-1,-1,689352,-1,-1,-1,-1,-1,686608,686067,685572,-1,-1,683982,-1,683027,-1,-1,681863,681137,680521,679819,-1,-1,678630,-1,-1,677147,676825,676423,676067,675642,-1,675086
photo grid-photo collage maker,5747920,-1,5742424,-1,-1,-1,-1,5725428,5721656,5718058,5713329,5710540,-1,-1,-1,5694330,5690482,-1,-1,-1,-1,-1,-1,-1,-1,-1,-1,-1,5644845,-1,5637839,-1,-1,5629225,5623909,5620133,5615086,-1,-1,-1,-1,-1,5593615,5590354,5587071,5583788,5580225,-1,5574099
photo grid-photo collage maker,-1,-1,-1,-1,-1,-1,-1,-1,-1,-1,-1,-1,-1,-1,-1,-1,-1,-1,-1,-1,-1,-1,-1,-1,-1,-1,-1,-1,-1,-1,-1,-1,-1,-1,-1,-1,-1,-1,-1,-1,-1,-1,-1,-1,-1,-1,-1,-1,-1
minions paradise,-1,-1,-1,-1,-1,-1,-1,-1,-1,-1,-1,-1,-1,-1,682215,681352,680506,679871,678958,-1,-1,676587,675748,674749,673593,672795,-1,-1,670138,-1,668561,-1,-1,666659,665495,664616,663477,662616,-1,661390,-1,-1,658939,658354,657718,657107,656461,-1,655370
minions paradise,-1,-1,-1,-1,-1,-1,-1,-1,-1,-1,-1,-1,-1,-1,-1,-1,-1,-1,-1,-1,-1,-1,-1,-1,-1,-1,-1,-1,-1,-1,-1,-1,-1,-1,-1,-1,-1,-1,-1,-1,-1,-1,-1,-1,-1,-1,-1,-1,-1
dan the man,-1,-1,-1,-1,-1,-1,-1,-1,-1,-1,-1,-1,-1,-1,-1,-1,-1,-1,-1,-1,-1,-1,-1,946,934,921,-1,-1,845,-1,796,779,-1,748,714,693,678,667,-1,641,-1,-1,600,-1,-1,-1,-1,-1,-1
angry birds rio,-1,-1,-1,-1,-1,-1,-1,-1,-1,-1,2185500,2184739,-1,-1,2182075,2180946,2179932,2179191,2178015,-1,-1,-1,-1,-1,-1,-1,-1,-1,-1,-1,-1,-1,-1,2165137,2163868,2162905,2161812,2160920,-1,2159466,-1,-1,2156251,-1,2154884,2154117,2153143,-1,2151851
ctv go,7830,-1,7827,-1,-1,-1,-1,7816,-1,-1,7809,7808,-1,-1,-1,-1,-1,-1,-1,-1,-1,-1,-1,-1,7768,-1,-1,-1,7764,-1,7759,-1,-1,7749,-1,7742,7741,-1,-1,-1,-1,-1,7722,7721,7719,7715,7712,-1,7710
ctv go,-1,-1,-1,-1,-1,-1,-1,-1,-1,-1,-1,-1,-1,-1,-1,-1,-1,-1,-1,-1,-1,-1,-1,-1,-1,-1,-1,-1,-1,-1,-1,-1,-1,-1,-1,-1,-1,-1,-1,-1,-1,-1,-1,-1,-1,-1,-1,-1,-1
file manager,499416,-1,498184,497530,-1,-1,-1,494232,493501,492950,491899,491311,-1,-1,488914,488070,487257,486611,485605,-1,-1,482907,482001,481014,479987,479024,-1,-1,476056,-1,474207,-1,-1,471920,470469,469417,468082,466933,-1,464687,-1,-1,460615,459745,458783,458118,457117,-1,455709
lego juniors create & cruise,421126,-1,420733,420492,-1,-1,-1,419229,418953,418814,418416,418245,-1,-1,417176,416798,416415,416111,415694,-1,-1,414308,413893,413392,412844,412387,-1,-1,410870,-1,410007,-1,-1,408925,408188,407714,407045,406714,-1,406092,-1,-1,404800,404528,404174,403862,403549,-1,402971
twist,-1,-1,-1,-1,-1,-1,-1,-1,-1,-1,-1,-1,-1,-1,218008,217581,217170,216852,216428,-1,-1,215149,214779,214383,213950,213567,-1,-1,212020,-1,211189,-1,-1,210202,209511,209125,208557,208210,-1,207644,-1,-1,206191,205893,205620,205273,204934,-1,204377
redcon,-1,-1,-1,-1,-1,-1,-1,-1,-1,-1,-1,-1,-1,-1,-1,-1,-1,-1,-1,-1,-1,-1,-1,-1,-1,-1,-1,-1,-1,-1,-1,-1,-1,26864,25946,25290,24380,24239,-1,22540,-1,-1,-1,-1,-1,-1,-1,-1,-1
redcon,-1,-1,-1,-1,-1,-1,-1,-1,-1,-1,-1,-1,-1,-1,-1,-1,-1,-1,-1,-1,-1,-1,-1,-1,-1,-1,-1,-1,-1,-1,-1,-1,-1,-1,-1,-1,-1,-1,-1,-1,-1,-1,-1,-1,-1,-1,-1,-1,-1
pip camera,-1,-1,-1,-1,-1,-1,-1,-1,-1,-1,-1,-1,-1,-1,-1,-1,-1,-1,-1,-1,-1,-1,-1,-1,-1,-1,-1,-1,-1,-1,-1,-1,-1,-1,-1,-1,-1,-1,-1,-1,-1,-1,815660,814454,813192,811826,-1,-1,807939
zombie castaways,-1,-1,-1,-1,-1,-1,-1,-1,-1,-1,-1,-1,-1,-1,-1,-1,-1,-1,-1,-1,-1,-1,-1,-1,-1,-1,-1,-1,-1,-1,-1,-1,-1,-1,-1,-1,-1,-1,-1,48899,-1,-1,41416,39016,34660,30102,25677,-1,18044
telegram,1944866,-1,1938887,1937836,-1,-1,-1,1932910,1931542,1930509,-1,-1,-1,-1,1923426,-1,-1,-1,-1,-1,-1,1906030,-1,-1,-1,-1,-1,-1,1897044,-1,1894689,-1,-1,-1,1889889,1888814,1886938,1885726,-1,1883486,-1,-1,1878944,1877759,1876704,1875574,1874314,-1,1871848
thumb drift,62382,-1,61816,61848,-1,-1,-1,-1,-1,-1,-1,-1,-1,-1,-1,-1,-1,-1,-1,-1,-1,-1,-1,-1,-1,-1,-1,-1,-1,-1,-1,-1,-1,-1,-1,-1,-1,-1,-1,-1,-1,-1,-1,-1,-1,-1,-1,-1,-1
quick hit slots fruit machine,-1,-1,-1,-1,-1,-1,-1,-1,-1,-1,-1,-1,-1,-1,-1,-1,-1,-1,-1,-1,-1,-1,-1,-1,-1,-1,-1,-1,-1,-1,-1,-1,-1,-1,-1,-1,-1,-1,-1,-1,-1,-1,69213,69108,68962,68791,68618,-1,68291
playstationmessages,-1,-1,-1,36509,-1,-1,-1,-1,35938,35837,-1,-1,-1,-1,35216,-1,-1,-1,-1,-1,-1,34408,34283,34129,34004,33868,-1,-1,33423,-1,33166,-1,-1,32892,32643,32492,32281,32148,-1,31765,-1,-1,31428,31371,31308,31245,31176,-1,31087
bike race free,1837779,-1,1835757,1834625,-1,-1,-1,1829619,1828088,1827427,1825807,1824765,-1,-1,1820228,1818709,1817121,1815873,1813963,-1,-1,1809739,1808586,1807343,1806173,1804983,-1,-1,1801457,-1,1799805,-1,-1,1797475,1796078,1795072,1793907,1792949,-1,1791269,-1,-1,1787960,1787184,1786394,1785563,1784806,-1,1783670
bike race free,-1,-1,-1,-1,-1,-1,-1,-1,-1,-1,-1,-1,-1,-1,-1,-1,-1,-1,-1,-1,-1,-1,-1,-1,-1,-1,-1,-1,-1,-1,-1,-1,-1,-1,-1,-1,-1,-1,-1,-1,-1,-1,-1,-1,-1,-1,-1,-1,-1
crazy dentist,401328,-1,400547,400275,-1,-1,-1,398114,397563,397170,396556,395921,-1,-1,394456,394138,393773,393493,393130,-1,-1,392133,391891,391576,-1,-1,-1,-1,390027,-1,389611,-1,-1,388956,388532,388232,387902,387663,-1,387176,-1,-1,-1,-1,-1,385489,-1,-1,-1
walking dead,351789,-1,351327,-1,-1,-1,-1,349534,348939,348672,348253,347872,-1,-1,345985,345562,345049,344370,342844,-1,-1,341566,341184,-1,-1,-1,-1,-1,-1,-1,-1,-1,-1,-1,-1,-1,-1,-1,-1,335672,-1,-1,334680,334388,333634,333065,332745,-1,332297
google keyboard,854999,-1,852660,851538,-1,-1,-1,845870,-1,-1,841285,839687,-1,-1,834585,832491,830343,828456,825142,-1,-1,810733,809103,806815,-1,804350,-1,-1,800787,-1,-1,-1,-1,-1,-1,-1,-1,-1,-1,-1,-1,-1,784942,784088,783011,782186,780935,-1,779388
hp print service plugin,647393,-1,645798,-1,-1,-1,-1,641967,641139,640503,-1,-1,-1,-1,636506,635720,634903,-1,-1,-1,-1,631386,630620,629770,628872,627967,-1,-1,625840,-1,624325,-1,-1,-1,-1,620941,619989,-1,-1,-1,-1,-1,615625,614927,614161,-1,-1,-1,611739
world of tanks blitz,-1,-1,-1,-1,-1,-1,-1,-1,-1,-1,-1,-1,-1,-1,-1,-1,-1,-1,-1,-1,-1,-1,-1,-1,-1,-1,-1,-1,-1,-1,-1,-1,-1,1232274,1230520,1229352,1227250,1224666,-1,1219347,-1,-1,1215879,1215060,1214160,1213304,1212442,-1,1210928
bowling king,-1,-1,-1,-1,-1,-1,-1,-1,-1,-1,-1,-1,-1,-1,-1,-1,-1,-1,-1,-1,-1,-1,1299745,1297275,1294485,1291928,-1,-1,1283591,-1,1276758,1272968,-1,1267284,1261114,1257981,1252252,1247839,-1,1240729,-1,-1,-1,-1,-1,-1,-1,-1,-1
yummly recipes & shopping list,-1,-1,-1,-1,-1,-1,-1,-1,-1,-1,-1,-1,-1,-1,-1,-1,-1,-1,-1,-1,-1,-1,-1,-1,-1,-1,-1,-1,-1,-1,-1,-1,-1,-1,-1,-1,-1,-1,-1,-1,-1,-1,-1,-1,60016,-1,-1,-1,59790
maze challenge,-1,-1,-1,-1,-1,-1,-1,-1,-1,-1,-1,-1,-1,-1,-1,-1,-1,-1,-1,-1,-1,299879,-1,-1,-1,-1,-1,-1,-1,-1,-1,-1,-1,-1,-1,-1,-1,-1,-1,-1,-1,-1,-1,-1,-1,-1,-1,-1,-1
maze challenge,-1,-1,-1,-1,-1,-1,-1,-1,-1,-1,-1,-1,-1,-1,-1,-1,-1,-1,-1,-1,-1,-1,-1,-1,-1,-1,-1,-1,-1,-1,-1,-1,-1,-1,-1,-1,-1,-1,-1,-1,-1,-1,-1,-1,-1,-1,-1,-1,-1
maze challenge,-1,-1,-1,-1,-1,-1,-1,-1,-1,-1,-1,-1,-1,-1,-1,-1,-1,-1,-1,-1,-1,-1,-1,-1,-1,-1,-1,-1,-1,-1,-1,-1,-1,-1,-1,-1,-1,-1,-1,-1,-1,-1,-1,-1,-1,-1,-1,-1,-1
bejeweled classic,-1,-1,-1,-1,-1,-1,-1,-1,-1,-1,-1,-1,-1,-1,-1,-1,-1,-1,-1,-1,-1,144097,143978,143852,143737,143612,-1,-1,143136,-1,142912,-1,-1,142622,142404,142286,142142,142033,-1,141794,-1,-1,-1,-1,-1,-1,-1,-1,-1
meetme,-1,-1,927194,-1,-1,-1,-1,-1,-1,-1,-1,-1,-1,-1,-1,918225,917398,916690,915681,-1,-1,913054,912381,911200,910073,909049,-1,-1,905804,-1,904101,-1,-1,901591,900051,899236,898022,897045,-1,895423,-1,-1,-1,-1,-1,-1,-1,-1,887139
mega,121429,-1,120118,119473,-1,-1,-1,115938,114731,114019,-1,-1,-1,-1,108404,107283,106397,105507,104354,-1,-1,101219,100086,98795,97600,-1,-1,-1,92566,-1,90399,-1,-1,-1,-1,85862,84530,83431,-1,-1,-1,-1,79672,79138,78584,78047,77500,-1,76754
mega,-1,-1,-1,-1,-1,-1,-1,-1,-1,-1,-1,-1,-1,-1,-1,-1,-1,-1,-1,-1,-1,-1,-1,-1,-1,-1,-1,-1,-1,-1,-1,-1,-1,-1,-1,-1,-1,-1,-1,-1,-1,-1,-1,-1,-1,-1,-1,-1,-1
sniper fury,-1,-1,-1,-1,-1,-1,-1,-1,-1,-1,-1,-1,-1,-1,-1,-1,-1,-1,-1,-1,-1,-1,-1,-1,-1,-1,-1,-1,-1,-1,-1,-1,-1,-1,-1,-1,-1,-1,-1,-1,-1,-1,-1,-1,-1,309748,-1,-1,-1
sniper fury,-1,-1,-1,-1,-1,-1,-1,-1,-1,-1,-1,-1,-1,-1,-1,-1,-1,-1,-1,-1,-1,-1,-1,-1,-1,-1,-1,-1,-1,-1,-1,-1,-1,-1,-1,-1,-1,-1,-1,-1,-1,-1,-1,-1,-1,-1,-1,-1,-1
maps,6280630,-1,6263840,6251292,-1,-1,-1,6231182,6227161,6223595,6218370,6213888,-1,-1,6199450,-1,-1,6181823,6173304,-1,-1,6139714,6133435,6127454,-1,6115372,-1,-1,6093994,-1,-1,-1,-1,-1,-1,-1,-1,-1,-1,-1,-1,-1,6016942,-1,-1,-1,-1,-1,5984420
dude perfect 2,-1,-1,-1,-1,-1,-1,-1,278776,278445,278281,277920,277578,-1,-1,276609,276266,275944,275753,275494,-1,-1,274851,274668,274351,274103,273824,-1,-1,272838,-1,272322,-1,-1,271699,271325,271012,270719,270500,-1,270135,-1,-1,269369,269160,268957,268750,268547,-1,-1
smashy road,-1,-1,-1,-1,-1,-1,-1,-1,-1,-1,407747,407545,-1,-1,406505,406195,405883,405656,405335,-1,-1,404489,404198,403833,403525,403203,-1,-1,402198,-1,401525,-1,-1,400640,400037,399677,399105,398741,-1,398179,-1,-1,396946,396717,396542,396304,396031,-1,395659
roller coaster simulator,78204,-1,77446,77172,-1,-1,-1,73506,72890,72374,-1,-1,-1,-1,-1,-1,-1,-1,-1,-1,-1,-1,-1,-1,-1,-1,-1,-1,-1,-1,-1,-1,-1,53751,51915,50386,49347,-1,-1,-1,-1,-1,-1,-1,-1,-1,-1,-1,-1
extreme car driving simulator,1183274,-1,1181400,1180362,-1,-1,-1,1175045,1173841,1173115,1171345,1170318,-1,-1,1165614,1164131,1162736,1161897,1160282,-1,-1,1155851,1154693,1153184,1151582,1150665,-1,-1,1146789,-1,1144701,-1,-1,1141933,1140273,1138874,1137326,1136492,-1,1134252,-1,-1,-1,-1,-1,1127112,1126156,-1,-1
tsn go,-1,-1,-1,-1,-1,-1,-1,-1,-1,-1,-1,-1,-1,-1,-1,-1,-1,-1,8209,-1,-1,8208,8210,8208,8207,8205,-1,-1,8191,-1,8178,8176,-1,8171,8166,8158,8145,8143,-1,8136,-1,-1,8120,8117,8114,8111,8108,-1,8101
deezer music,949443,-1,948198,947461,-1,-1,-1,-1,-1,-1,941683,940893,-1,-1,-1,-1,-1,-1,-1,-1,-1,-1,-1,-1,-1,-1,-1,-1,-1,-1,-1,-1,-1,922730,921395,920257,919149,-1,-1,917096,-1,-1,914319,-1,-1,912326,911447,-1,910457
dragonsoul,-1,-1,-1,-1,-1,-1,-1,-1,-1,-1,-1,-1,-1,-1,-1,217416,214674,213993,213021,-1,-1,210438,209861,208937,207846,206917,-1,-1,203886,-1,202068,201005,-1,199431,197931,196939,195010,193046,-1,189945,-1,-1,182522,180935,180207,179244,178310,-1,176756
dragonsoul,-1,-1,-1,-1,-1,-1,-1,-1,-1,-1,-1,-1,-1,-1,-1,-1,-1,-1,-1,-1,-1,-1,-1,-1,-1,-1,-1,-1,-1,-1,-1,-1,-1,-1,-1,-1,-1,-1,-1,-1,-1,-1,-1,-1,-1,-1,-1,-1,-1
bejeweled stars,-1,-1,-1,-1,-1,-1,-1,-1,-1,-1,-1,-1,-1,-1,-1,-1,-1,-1,-1,-1,-1,-1,-1,-1,22991,-1,-1,-1,-1,-1,-1,-1,-1,-1,21124,-1,-1,-1,-1,20183,-1,-1,19326,19162,18994,18818,18658,-1,18393
angry birds star wars,1095320,-1,1094606,1094211,-1,-1,-1,1092069,1091420,1091149,1090497,1090110,-1,-1,-1,-1,-1,-1,-1,-1,-1,-1,-1,-1,-1,-1,-1,-1,-1,-1,-1,-1,-1,-1,-1,-1,-1,-1,-1,-1,-1,-1,-1,-1,-1,-1,-1,-1,-1
angry birds star wars,-1,-1,-1,-1,-1,-1,-1,-1,-1,-1,-1,-1,-1,-1,-1,-1,-1,-1,-1,-1,-1,-1,-1,-1,-1,-1,-1,-1,-1,-1,-1,-1,-1,-1,-1,-1,-1,-1,-1,-1,-1,-1,-1,-1,-1,-1,-1,-1,-1
pj masks,-1,-1,-1,-1,-1,-1,-1,-1,-1,-1,-1,-1,-1,-1,997,974,953,942,909,-1,-1,819,790,743,707,658,-1,-1,551,-1,485,-1,-1,414,352,287,243,221,-1,166,-1,-1,1209,1183,1154,1123,1087,-1,1033
cnn breaking us & world news,-1,-1,200455,200242,-1,-1,-1,198916,198496,198135,197459,196752,-1,-1,195513,195359,195162,194987,194595,-1,-1,193874,193613,193461,193199,192961,-1,-1,-1,-1,-1,-1,-1,-1,190956,190676,190432,-1,-1,189812,-1,-1,-1,-1,188368,188072,187729,-1,187053
google drive,1302011,-1,1300524,1299703,-1,-1,-1,-1,-1,-1,-1,-1,-1,-1,1289803,-1,-1,-1,1285740,-1,-1,-1,-1,-1,-1,-1,-1,-1,-1,-1,-1,-1,-1,-1,-1,-1,-1,-1,-1,-1,-1,-1,-1,-1,-1,-1,-1,-1,1240249
fongo,7478,-1,7471,7469,-1,-1,-1,7451,7443,7439,-1,-1,-1,-1,7406,7401,7397,7387,7376,-1,-1,7363,-1,-1,-1,-1,-1,-1,7305,-1,7305,-1,-1,7290,-1,7275,7269,7266,-1,-1,-1,-1,7237,-1,7224,-1,-1,-1,7204
google news & weather,208115,-1,207943,207849,-1,-1,-1,207332,207235,207128,206998,206914,-1,-1,206503,206315,206167,206054,205951,-1,-1,205589,205511,205308,205188,205049,-1,-1,-1,-1,-1,-1,-1,-1,203708,203593,-1,-1,-1,-1,-1,-1,202611,202520,202385,202232,202076,-1,201830
google news & weather,-1,-1,-1,-1,-1,-1,-1,-1,-1,-1,-1,-1,-1,-1,-1,-1,-1,-1,-1,-1,-1,-1,-1,-1,-1,-1,-1,-1,-1,-1,-1,-1,-1,-1,-1,-1,-1,-1,-1,-1,-1,-1,-1,-1,-1,-1,-1,-1,-1
canon print service,-1,-1,-1,-1,-1,-1,-1,-1,-1,-1,-1,-1,-1,-1,-1,-1,-1,-1,-1,-1,-1,-1,-1,-1,-1,-1,-1,-1,-1,-1,-1,-1,-1,-1,-1,-1,-1,-1,-1,-1,-1,-1,-1,-1,-1,-1,-1,-1,32288
smart voice recorder,-1,-1,-1,-1,-1,-1,-1,-1,-1,-1,-1,-1,-1,-1,-1,-1,-1,-1,-1,-1,-1,-1,-1,-1,-1,-1,-1,-1,-1,-1,-1,-1,-1,-1,-1,-1,-1,-1,-1,-1,-1,-1,-1,359192,-1,-1,-1,-1,358648
smart voice recorder,-1,-1,-1,-1,-1,-1,-1,-1,-1,-1,-1,-1,-1,-1,-1,-1,-1,-1,-1,-1,-1,-1,-1,-1,-1,-1,-1,-1,-1,-1,-1,-1,-1,-1,-1,-1,-1,-1,-1,-1,-1,-1,-1,-1,-1,-1,-1,-1,-1
gmail,2810718,-1,-1,-1,-1,-1,-1,-1,-1,-1,-1,-1,-1,-1,-1,-1,-1,-1,-1,-1,-1,-1,-1,-1,-1,-1,-1,-1,-1,-1,-1,-1,-1,-1,-1,-1,-1,-1,-1,-1,-1,-1,-1,-1,-1,-1,-1,-1,-1
google play music,2157477,-1,2154132,2152614,-1,-1,-1,-1,-1,-1,2140612,2138555,-1,-1,2132013,-1,-1,-1,2114626,-1,-1,-1,-1,-1,-1,-1,-1,-1,-1,-1,-1,-1,-1,-1,-1,-1,-1,-1,-1,-1,-1,-1,-1,-1,-1,-1,-1,-1,-1
candy bomb!,-1,-1,-1,-1,-1,-1,-1,2118,2103,2094,-1,-1,-1,-1,-1,-1,-1,-1,-1,-1,-1,1853,1843,1815,1798,1785,-1,-1,1730,-1,1669,-1,-1,1622,-1,-1,-1,-1,-1,-1,-1,-1,-1,-1,-1,-1,-1,-1,-1
kaspersky internet security,-1,-1,-1,1380404,-1,-1,-1,1375594,1374474,1373599,1372205,1371068,-1,-1,1367649,1366419,1365185,1364236,1362695,-1,-1,1359062,1358096,1356718,1355229,1353982,-1,-1,1350296,-1,1347725,1346374,-1,1344496,1342738,1341791,1340116,1338990,-1,1337169,-1,-1,1333184,1332205,1331332,1330177,1328970,-1,1326814
bell mobile tv,-1,-1,-1,-1,-1,-1,-1,-1,-1,-1,-1,-1,-1,-1,-1,-1,-1,-1,-1,-1,-1,-1,-1,-1,-1,-1,-1,-1,-1,-1,-1,-1,-1,-1,7774,7770,7765,7760,-1,-1,-1,-1,7748,7748,7744,7741,7740,-1,7738
songily,32327,-1,31822,31567,-1,-1,-1,-1,-1,-1,-1,-1,-1,-1,-1,-1,-1,-1,-1,-1,-1,-1,-1,-1,-1,-1,-1,-1,-1,-1,-1,-1,-1,-1,-1,-1,-1,-1,-1,-1,-1,-1,-1,-1,-1,-1,-1,-1,21004
pet rescue saga,-1,-1,-1,-1,-1,-1,-1,-1,-1,-1,-1,-1,-1,-1,-1,-1,-1,-1,-1,-1,-1,-1,-1,-1,-1,-1,-1,-1,-1,-1,-1,-1,-1,-1,-1,-1,-1,-1,-1,2691465,-1,-1,2689063,2688462,2687840,2687228,2686590,-1,2685735
weather radar & alerts,-1,-1,-1,-1,-1,-1,-1,-1,24981,24792,24427,24068,-1,-1,22790,-1,-1,-1,-1,-1,-1,-1,-1,-1,-1,-1,-1,-1,-1,-1,-1,-1,-1,-1,-1,-1,-1,-1,-1,-1,-1,-1,-1,-1,-1,-1,-1,-1,-1
collage maker pic grid,241854,-1,240448,239781,-1,-1,-1,235952,234940,234206,232908,232083,-1,-1,-1,227838,226760,225937,-1,-1,-1,221767,221030,219967,218679,217832,-1,-1,214608,-1,212603,-1,-1,210371,208869,207920,206692,205899,-1,204528,-1,-1,201440,200715,199927,199086,198290,-1,196914
imdb movies & tv,-1,-1,449684,-1,-1,-1,-1,-1,-1,-1,448979,448931,-1,-1,-1,-1,-1,448391,-1,-1,-1,-1,-1,-1,447570,447459,-1,-1,-1,-1,446697,-1,-1,446370,-1,446086,-1,-1,-1,-1,-1,-1,-1,-1,445202,445118,-1,-1,-1
messenger,29256317,-1,29179154,29158064,-1,-1,-1,29000187,28965091,28935114,28893426,28866623,-1,-1,28759636,28722168,28681998,28646027,28606148,-1,-1,28506065,28478862,28439450,28401352,28364366,-1,-1,28246641,-1,28179600,28142758,-1,28092233,28042529,28010361,27956444,27914011,-1,27847756,-1,-1,27716342,27675185,27639407,27600355,27554065,-1,27498432
messenger,-1,-1,-1,-1,-1,-1,-1,-1,-1,-1,-1,-1,-1,-1,-1,-1,-1,-1,-1,-1,-1,-1,-1,-1,-1,-1,-1,-1,-1,-1,-1,-1,-1,-1,-1,-1,-1,-1,-1,-1,-1,-1,-1,-1,-1,-1,-1,-1,-1
sweets smash,-1,-1,-1,-1,-1,-1,-1,-1,-1,-1,-1,-1,-1,-1,-1,-1,-1,-1,-1,-1,-1,-1,-1,-1,-1,-1,-1,-1,-1,-1,-1,-1,-1,-1,-1,-1,-1,-1,-1,-1,-1,-1,-1,-1,1497,1494,1484,-1,1472
solitaire,281074,-1,280091,279722,-1,-1,-1,277680,277222,276942,276265,275843,-1,-1,274337,273869,273405,273025,272490,-1,-1,271077,270740,270117,269555,269001,-1,-1,267460,-1,266694,266261,-1,265599,264980,264640,264075,263771,-1,263019,-1,-1,261362,261025,260545,260098,259592,-1,258770
game of dice,-1,-1,-1,-1,-1,-1,-1,-1,-1,-1,-1,-1,-1,-1,-1,-1,-1,-1,-1,-1,-1,-1,-1,-1,-1,-1,-1,-1,-1,-1,-1,-1,-1,-1,-1,-1,-1,-1,-1,-1,-1,-1,-1,-1,-1,-1,-1,-1,190495
news republicbreaking news,-1,-1,-1,-1,-1,-1,-1,-1,-1,-1,-1,-1,-1,-1,-1,-1,-1,-1,298391,-1,-1,295773,295046,294136,293270,292405,-1,-1,289859,-1,287646,-1,-1,285055,283860,283170,281914,280993,-1,279433,-1,-1,276474,-1,-1,-1,-1,-1,272145
qr code reader,469067,-1,468932,468883,-1,-1,-1,468521,468421,468339,468219,468138,-1,-1,467824,179553,179080,178696,178162,-1,-1,176732,176376,175705,466946,466822,-1,-1,173339,-1,172398,-1,-1,171289,170666,170162,169634,465604,-1,465463,-1,-1,166959,166584,166163,165717,165266,-1,164703
qr code reader,-1,-1,-1,-1,-1,-1,-1,-1,-1,-1,-1,-1,-1,-1,-1,-1,-1,-1,-1,-1,-1,-1,-1,-1,-1,-1,-1,-1,-1,-1,-1,-1,-1,-1,-1,-1,-1,-1,-1,-1,-1,-1,-1,-1,-1,-1,-1,-1,-1
espn,-1,-1,-1,-1,-1,-1,-1,-1,-1,-1,-1,-1,-1,-1,-1,-1,-1,-1,-1,-1,-1,479809,479800,479755,479698,479643,-1,-1,479298,-1,479111,479024,-1,478919,478755,478619,478465,478434,-1,478338,-1,-1,478096,478048,477975,477920,477855,-1,477590
cbc news,-1,-1,4606,-1,-1,-1,-1,4599,4597,4596,4596,4595,-1,-1,4594,4589,4589,4589,4587,-1,-1,4585,4582,4582,4582,4581,-1,-1,4574,-1,4570,-1,-1,4566,4565,4563,4561,4558,-1,4555,-1,-1,4551,4551,4551,4550,4550,-1,4549
hp all-in-one printer remote,57032,-1,-1,-1,-1,-1,-1,56750,56692,56673,56601,56564,-1,-1,56431,56383,56330,56295,56242,-1,-1,56138,56108,56033,55974,55906,-1,-1,55762,-1,-1,-1,-1,-1,-1,-1,-1,-1,-1,-1,-1,-1,-1,55042,-1,-1,-1,-1,54860
android system webview,454465,-1,-1,-1,-1,-1,-1,-1,-1,-1,-1,-1,-1,-1,-1,-1,-1,-1,-1,-1,-1,-1,-1,-1,-1,-1,-1,-1,-1,-1,-1,-1,-1,-1,-1,-1,-1,-1,-1,-1,-1,-1,-1,-1,-1,-1,-1,-1,-1
soundhound music search & play,-1,-1,-1,600028,-1,-1,-1,-1,-1,-1,598715,598560,-1,-1,-1,-1,-1,-1,-1,-1,-1,-1,-1,-1,-1,595813,-1,-1,595009,-1,594541,-1,-1,594110,593777,593549,593303,593148,-1,592815,-1,-1,592143,591969,591765,591578,591415,-1,591142
soundhound music search & play,-1,-1,-1,-1,-1,-1,-1,-1,-1,-1,-1,-1,-1,-1,-1,-1,-1,-1,-1,-1,-1,-1,-1,-1,-1,-1,-1,-1,-1,-1,-1,-1,-1,-1,-1,-1,-1,-1,-1,-1,-1,-1,-1,-1,-1,-1,-1,-1,-1
az screen recorder,154360,-1,153014,152072,-1,-1,-1,149258,148512,147896,146974,146139,-1,-1,143351,142300,141448,140888,140011,-1,-1,137929,137365,136328,135533,134773,-1,-1,132445,-1,130748,-1,-1,-1,126879,125618,124502,123883,-1,122593,-1,-1,119918,118991,117938,-1,-1,-1,115388
peak,-1,-1,-1,-1,-1,-1,-1,-1,132102,131821,131397,131020,-1,-1,129962,129652,129304,129041,128658,-1,-1,127633,127272,126874,126477,126017,-1,-1,124699,-1,123882,123541,-1,122976,122505,122102,121653,121301,-1,120602,-1,-1,119224,118731,118123,117527,116958,-1,116225
talking tom gold run,264963,-1,255829,252333,-1,-1,-1,226294,219222,213744,206042,200824,-1,-1,170034,159036,144084,131917,112929,-1,-1,53103,34809,20735,19529,19278,-1,-1,18351,-1,17811,17590,-1,17259,16866,16611,16263,16024,-1,15631,-1,-1,14785,14633,14441,14199,13959,-1,13579
shop heroes,-1,-1,-1,-1,-1,-1,-1,-1,-1,-1,-1,-1,-1,-1,-1,-1,-1,-1,-1,-1,-1,-1,-1,-1,-1,-1,-1,-1,-1,-1,-1,-1,-1,-1,-1,-1,-1,-1,-1,-1,-1,-1,-1,-1,-1,-1,-1,-1,43057
cut the rope,-1,-1,-1,-1,-1,-1,-1,-1,-1,-1,-1,-1,-1,-1,-1,-1,-1,-1,-1,-1,-1,-1,-1,-1,-1,-1,-1,-1,-1,-1,-1,-1,-1,-1,-1,-1,-1,-1,-1,-1,-1,-1,-1,-1,197312,197033,196746,-1,196182
rayman adventures,-1,-1,-1,-1,-1,-1,-1,-1,-1,-1,-1,-1,-1,-1,-1,-1,-1,-1,-1,-1,-1,-1,-1,-1,-1,-1,-1,-1,-1,-1,-1,-1,-1,-1,-1,-1,-1,-1,-1,-1,-1,-1,223177,222156,220806,219337,217656,-1,215138
big hunter,-1,-1,-1,-1,-1,-1,-1,65029,64410,63864,62823,61603,-1,-1,57550,55608,53416,51628,49114,-1,-1,42034,39099,35890,31880,28767,-1,-1,-1,-1,-1,-1,-1,-1,-1,-1,-1,-1,-1,-1,-1,-1,-1,14475,14207,13967,13718,-1,13300
big hunter,-1,-1,-1,-1,-1,-1,-1,-1,-1,-1,-1,-1,-1,-1,-1,-1,-1,-1,-1,-1,-1,-1,-1,-1,-1,-1,-1,-1,-1,-1,-1,-1,-1,-1,-1,-1,-1,-1,-1,-1,-1,-1,-1,-1,-1,-1,-1,-1,-1
pocket troops,-1,-1,-1,-1,-1,-1,-1,192411,191498,190506,-1,-1,-1,-1,-1,-1,-1,-1,-1,-1,-1,-1,-1,-1,-1,-1,-1,-1,-1,-1,-1,-1,-1,-1,-1,-1,-1,-1,-1,-1,-1,-1,-1,-1,-1,-1,-1,-1,173188
daddy's little helper,-1,-1,-1,-1,-1,-1,-1,-1,-1,-1,-1,-1,-1,-1,-1,-1,-1,-1,-1,-1,-1,-1,-1,-1,-1,-1,-1,-1,-1,-1,-1,-1,-1,-1,-1,-1,-1,-1,-1,-1,-1,-1,-1,-1,-1,-1,-1,-1,3529
alto's adventure,268420,-1,267543,266951,-1,-1,-1,263855,263040,262636,261662,260981,-1,-1,257668,256760,255799,255295,254498,-1,-1,251937,250824,249459,248559,247681,-1,-1,244806,-1,242935,241974,-1,240717,239216,238189,237025,236397,-1,235361,-1,-1,233045,232476,231501,230654,229753,-1,227903
my dolphin show,-1,-1,-1,-1,-1,-1,-1,-1,-1,-1,-1,-1,-1,-1,-1,-1,-1,-1,-1,-1,-1,-1,-1,-1,-1,-1,-1,-1,-1,-1,-1,-1,-1,-1,-1,-1,-1,-1,-1,-1,-1,-1,-1,-1,-1,-1,-1,-1,520089
rapture,-1,-1,-1,-1,-1,-1,-1,-1,-1,-1,-1,-1,-1,-1,-1,-1,-1,-1,-1,-1,-1,-1,-1,-1,-1,-1,-1,-1,-1,-1,-1,-1,-1,-1,-1,-1,-1,-1,-1,-1,-1,-1,-1,-1,-1,-1,-1,-1,15339
world chef,-1,-1,-1,-1,-1,-1,-1,-1,-1,-1,-1,-1,-1,-1,-1,438294,437543,436948,435882,-1,-1,432850,431160,428553,425937,423297,-1,-1,415383,-1,412453,-1,-1,410414,409300,408501,407616,406979,-1,405626,-1,-1,403043,402247,401220,400273,399363,-1,398002
armor.io,-1,-1,-1,-1,-1,-1,-1,-1,-1,-1,-1,-1,-1,-1,-1,-1,-1,-1,-1,-1,-1,-1,-1,-1,-1,-1,-1,-1,-1,-1,-1,-1,-1,-1,-1,-1,-1,-1,-1,-1,-1,-1,-1,-1,-1,-1,-1,-1,11564
armor.io,-1,-1,-1,-1,-1,-1,-1,-1,-1,-1,-1,-1,-1,-1,-1,-1,-1,-1,-1,-1,-1,-1,-1,-1,-1,-1,-1,-1,-1,-1,-1,-1,-1,-1,-1,-1,-1,-1,-1,-1,-1,-1,-1,-1,-1,-1,-1,-1,-1
armor.io,-1,-1,-1,-1,-1,-1,-1,-1,-1,-1,-1,-1,-1,-1,-1,-1,-1,-1,-1,-1,-1,-1,-1,-1,-1,-1,-1,-1,-1,-1,-1,-1,-1,-1,-1,-1,-1,-1,-1,-1,-1,-1,-1,-1,-1,-1,-1,-1,-1
armor.io,-1,-1,-1,-1,-1,-1,-1,-1,-1,-1,-1,-1,-1,-1,-1,-1,-1,-1,-1,-1,-1,-1,-1,-1,-1,-1,-1,-1,-1,-1,-1,-1,-1,-1,-1,-1,-1,-1,-1,-1,-1,-1,-1,-1,-1,-1,-1,-1,-1
smurfs epic run,-1,-1,-1,-1,-1,-1,-1,-1,-1,-1,-1,-1,-1,-1,-1,-1,-1,-1,-1,-1,-1,-1,-1,-1,-1,-1,-1,-1,-1,-1,-1,-1,-1,-1,-1,-1,-1,-1,-1,-1,-1,-1,-1,-1,-1,-1,-1,-1,50458
punch the trump,111486,-1,109219,108404,-1,-1,-1,103266,101848,100770,-1,-1,-1,-1,-1,-1,-1,-1,-1,-1,-1,-1,-1,-1,-1,-1,-1,-1,-1,-1,86870,-1,-1,-1,-1,-1,-1,-1,-1,-1,-1,-1,-1,-1,-1,-1,77404,-1,-1
pixel gun 3d,2022294,-1,2016405,2013895,-1,-1,-1,1999259,1995897,1993498,1989582,1986933,-1,-1,1976574,1973931,1971261,1969117,1966368,-1,-1,1958055,1956152,1952850,1950697,1948129,-1,-1,1938642,-1,1934444,-1,-1,1928429,1924483,1921855,1918127,1915700,-1,1911445,-1,-1,1900380,1897248,1893615,1889907,1885474,-1,1878596
pixel gun 3d,-1,-1,-1,-1,-1,-1,-1,-1,-1,-1,-1,-1,-1,-1,-1,-1,-1,-1,-1,-1,-1,-1,-1,-1,-1,-1,-1,-1,-1,-1,-1,-1,-1,-1,-1,-1,-1,-1,-1,-1,-1,-1,-1,-1,-1,-1,-1,-1,-1
pixel gun 3d,-1,-1,-1,-1,-1,-1,-1,-1,-1,-1,-1,-1,-1,-1,-1,-1,-1,-1,-1,-1,-1,-1,-1,-1,-1,-1,-1,-1,-1,-1,-1,-1,-1,-1,-1,-1,-1,-1,-1,-1,-1,-1,-1,-1,-1,-1,-1,-1,-1
evernote,-1,-1,-1,-1,-1,-1,-1,-1,-1,-1,-1,-1,-1,-1,-1,-1,-1,-1,-1,-1,-1,-1,-1,-1,-1,-1,-1,-1,-1,-1,-1,-1,-1,-1,-1,-1,-1,-1,-1,-1,-1,-1,-1,1400123,1399929,-1,1399561,-1,1399281
fireboy and watergirl,-1,-1,42795,42494,-1,-1,-1,-1,40635,-1,-1,-1,-1,-1,-1,-1,-1,-1,-1,-1,-1,-1,-1,-1,34953,34633,-1,-1,33598,-1,32950,-1,-1,32145,31606,31179,30711,30415,-1,29955,-1,-1,-1,-1,-1,27982,27707,-1,-1
my little unicorn runner 3d 2,23607,-1,22912,22614,-1,-1,-1,20916,20489,20212,19566,19301,-1,-1,18169,17946,17682,17456,17191,-1,-1,16298,16090,15570,15224,14868,-1,-1,13437,-1,12595,-1,-1,11653,11019,10537,9855,9527,-1,8891,-1,-1,7408,7070,6731,6389,6044,-1,5491
cooking in the kitchen,39521,-1,38598,38165,-1,-1,-1,35818,35205,34773,34087,33445,-1,-1,31781,31424,31029,30706,30287,-1,-1,28865,28572,27968,27246,26721,-1,-1,24959,-1,23892,-1,-1,22542,21859,21346,20506,20025,-1,19074,-1,-1,16823,16399,15767,15268,14701,-1,13780
cooking in the kitchen,-1,-1,-1,-1,-1,-1,-1,-1,-1,-1,-1,-1,-1,-1,-1,-1,-1,-1,-1,-1,-1,-1,-1,-1,-1,-1,-1,-1,-1,-1,-1,-1,-1,-1,-1,-1,-1,-1,-1,-1,-1,-1,-1,-1,-1,-1,-1,-1,-1
my singing monsters,-1,-1,-1,-1,-1,-1,-1,-1,-1,-1,-1,-1,-1,-1,-1,707719,707367,707126,706735,-1,-1,705642,705141,704727,704383,703996,-1,-1,702835,-1,702316,-1,-1,701453,700896,700510,699722,699468,-1,699039,-1,-1,698129,697921,697722,697508,697317,-1,697026
samsung smart view,21552,-1,21447,21380,-1,-1,-1,-1,-1,-1,20794,20695,-1,-1,-1,-1,-1,-1,19981,-1,-1,-1,-1,19444,19320,19203,-1,-1,18723,-1,18385,-1,-1,18168,-1,-1,-1,-1,-1,17552,-1,-1,-1,-1,17113,17068,17024,-1,16929
samsung smart view,-1,-1,-1,-1,-1,-1,-1,-1,-1,-1,-1,-1,-1,-1,-1,-1,-1,-1,-1,-1,-1,-1,-1,-1,-1,-1,-1,-1,-1,-1,-1,-1,-1,-1,-1,-1,-1,-1,-1,-1,-1,-1,-1,-1,-1,-1,-1,-1,-1
family coloring book,-1,-1,-1,-1,-1,-1,-1,-1,-1,-1,-1,-1,-1,-1,-1,-1,-1,-1,-1,-1,-1,-1,-1,-1,-1,-1,-1,-1,-1,-1,18566,-1,-1,-1,-1,-1,-1,-1,-1,-1,-1,-1,-1,15263,15119,14928,14731,-1,-1
head soccer,-1,-1,-1,-1,-1,-1,-1,-1,-1,-1,-1,-1,-1,-1,-1,-1,-1,-1,-1,-1,-1,-1,-1,-1,-1,-1,-1,-1,-1,-1,-1,-1,-1,1327361,1326072,1324962,1323902,1322945,-1,1321431,-1,-1,1318197,-1,1316463,1315728,-1,-1,-1
wordalot,-1,-1,-1,-1,-1,-1,-1,-1,-1,-1,-1,-1,-1,-1,-1,-1,-1,-1,-1,-1,-1,2948,2697,2287,1873,-1,-1,-1,-1,-1,-1,-1,-1,-1,-1,-1,-1,-1,-1,-1,-1,-1,94,92,83,-1,-1,-1,-1
pearl's peril,-1,-1,-1,-1,-1,-1,-1,-1,-1,-1,-1,-1,-1,-1,-1,-1,-1,-1,-1,-1,-1,-1,-1,-1,-1,-1,-1,-1,42766,-1,41796,-1,-1,40656,39965,39480,38961,38539,-1,37674,-1,-1,36037,35588,35035,34489,33941,-1,33229
star wars,909374,-1,905564,903545,-1,-1,-1,890438,887598,886856,885678,884785,-1,-1,881638,880569,879474,878465,877057,-1,-1,871708,869592,866940,865410,864587,-1,-1,861131,-1,858823,857399,-1,855521,853386,851881,850267,849342,-1,847839,-1,-1,-1,843589,842901,842184,841469,-1,840242
follow the line 2d deluxe,-1,-1,-1,-1,-1,-1,-1,-1,-1,-1,-1,-1,-1,-1,-1,-1,-1,-1,-1,-1,-1,-1,-1,-1,142753,142547,-1,-1,141619,-1,141065,-1,-1,140267,139841,139631,-1,138963,-1,-1,-1,-1,-1,-1,-1,-1,-1,-1,-1
blackplayer music player,90031,-1,89702,89532,-1,-1,-1,88724,88534,88399,88131,87974,-1,-1,87291,87037,86703,86467,86145,-1,-1,-1,-1,-1,-1,-1,-1,-1,-1,-1,-1,-1,-1,-1,-1,-1,-1,-1,-1,-1,-1,-1,81771,81659,81527,81379,81247,-1,81004
roku,136377,-1,136188,136102,-1,-1,-1,-1,-1,-1,-1,-1,-1,-1,-1,-1,-1,-1,-1,-1,-1,-1,-1,-1,-1,-1,-1,-1,-1,-1,-1,-1,-1,-1,-1,-1,-1,-1,-1,-1,-1,-1,-1,-1,-1,131414,-1,-1,-1
myvegas slots,-1,-1,-1,-1,-1,-1,-1,-1,-1,-1,-1,-1,-1,-1,-1,-1,-1,-1,-1,-1,-1,-1,-1,-1,-1,-1,-1,-1,-1,-1,-1,-1,-1,-1,-1,-1,-1,-1,-1,-1,-1,-1,-1,-1,527457,527217,-1,-1,-1
that level again 3,-1,-1,-1,-1,-1,-1,-1,-1,-1,-1,-1,-1,-1,-1,-1,-1,-1,-1,-1,-1,-1,-1,-1,-1,-1,-1,-1,-1,-1,-1,-1,-1,-1,-1,-1,38218,36796,35858,-1,34333,-1,-1,30648,29814,28563,27365,26245,-1,24395
touchgrind bmx,-1,-1,-1,-1,-1,-1,-1,-1,-1,-1,-1,-1,-1,-1,-1,-1,-1,-1,429416,-1,-1,428650,428401,428129,427846,427561,-1,-1,426704,-1,426271,-1,-1,425649,425207,424917,424546,424330,-1,423916,-1,-1,423112,422914,422681,422457,422205,-1,421813
touchgrind bmx,-1,-1,-1,-1,-1,-1,-1,-1,-1,-1,-1,-1,-1,-1,-1,-1,-1,-1,-1,-1,-1,-1,-1,-1,-1,-1,-1,-1,-1,-1,-1,-1,-1,-1,-1,-1,-1,-1,-1,-1,-1,-1,-1,-1,-1,-1,-1,-1,-1
credit card scanner,-1,-1,-1,-1,-1,-1,-1,-1,-1,-1,-1,-1,-1,-1,-1,-1,-1,-1,-1,-1,-1,-1,-1,-1,-1,-1,-1,-1,-1,-1,-1,-1,-1,-1,-1,-1,-1,-1,-1,-1,-1,-1,202,203,203,199,193,-1,186
kika emoji keyboard pro + gifs,852547,-1,851030,850251,-1,-1,-1,846682,845785,845250,844001,843243,-1,-1,840156,839040,838094,837588,836305,-1,-1,833630,832677,831643,830528,829458,-1,-1,826249,-1,824107,-1,-1,821651,820375,819385,818231,817527,-1,816289,-1,-1,814110,813523,812863,812215,811556,-1,810551
kika emoji keyboard pro + gifs,-1,-1,-1,-1,-1,-1,-1,-1,-1,-1,-1,-1,-1,-1,-1,-1,-1,-1,-1,-1,-1,-1,-1,-1,-1,-1,-1,-1,-1,-1,-1,-1,-1,-1,-1,-1,-1,-1,-1,-1,-1,-1,-1,-1,-1,-1,-1,-1,-1
play a coke,253,-1,251,250,-1,-1,-1,-1,-1,-1,220,217,-1,-1,212,212,209,209,209,-1,-1,201,197,194,191,189,-1,-1,175,-1,168,163,-1,157,150,148,139,131,-1,123,-1,-1,104,100,94,89,82,-1,77
play a coke,-1,-1,-1,-1,-1,-1,-1,-1,-1,-1,-1,-1,-1,-1,-1,-1,-1,-1,-1,-1,-1,-1,-1,-1,-1,-1,-1,-1,-1,-1,-1,-1,-1,-1,-1,-1,-1,-1,-1,-1,-1,-1,-1,-1,-1,-1,-1,-1,-1
play a coke,-1,-1,-1,-1,-1,-1,-1,-1,-1,-1,-1,-1,-1,-1,-1,-1,-1,-1,-1,-1,-1,-1,-1,-1,-1,-1,-1,-1,-1,-1,-1,-1,-1,-1,-1,-1,-1,-1,-1,-1,-1,-1,-1,-1,-1,-1,-1,-1,-1
good knight story,-1,-1,-1,-1,-1,-1,-1,-1,-1,-1,-1,-1,-1,-1,-1,-1,-1,-1,-1,-1,-1,-1,-1,-1,-1,-1,-1,-1,-1,-1,-1,-1,-1,-1,-1,-1,-1,-1,-1,-1,-1,-1,-1,-1,-1,-1,-1,-1,23813
unblock me free,-1,-1,614063,613947,-1,-1,-1,612825,612378,611867,611077,610604,-1,-1,607775,607054,606787,606636,606384,-1,-1,605782,605553,605311,605081,604897,-1,-1,604143,-1,603804,-1,-1,-1,-1,-1,-1,-1,-1,-1,-1,-1,-1,601465,601342,601213,601078,-1,600891
unblock me free,-1,-1,-1,-1,-1,-1,-1,-1,-1,-1,-1,-1,-1,-1,-1,-1,-1,-1,-1,-1,-1,-1,-1,-1,-1,-1,-1,-1,-1,-1,-1,-1,-1,-1,-1,-1,-1,-1,-1,-1,-1,-1,-1,-1,-1,-1,-1,-1,-1
vikings,-1,-1,-1,-1,-1,-1,-1,-1,-1,-1,-1,-1,-1,-1,-1,-1,-1,-1,-1,-1,-1,-1,-1,237683,237148,236590,-1,-1,234638,-1,-1,-1,-1,-1,-1,-1,-1,229181,-1,228227,-1,-1,226238,225757,225107,224556,223926,-1,222959
war dragons,-1,-1,-1,-1,-1,-1,-1,18401,-1,-1,-1,-1,-1,-1,-1,-1,-1,-1,-1,-1,-1,-1,-1,-1,-1,-1,-1,-1,-1,-1,-1,-1,-1,-1,-1,-1,-1,-1,-1,-1,-1,-1,-1,-1,-1,-1,-1,-1,-1
amazon for tablets,109808,-1,109726,109705,-1,-1,-1,109551,109510,109467,109420,109389,-1,-1,109254,109214,109178,109146,109112,-1,-1,108988,108942,108894,108851,-1,-1,-1,-1,-1,-1,-1,-1,-1,108388,-1,-1,-1,-1,-1,-1,-1,-1,-1,-1,-1,-1,-1,107870
30 day fitness challenge,-1,-1,-1,-1,-1,-1,-1,74910,73933,73344,71690,70674,-1,-1,66942,65247,63143,61968,59141,-1,-1,53748,51226,48379,45412,42692,-1,-1,35589,-1,31718,30052,-1,27801,25637,24085,22012,20768,-1,18784,-1,-1,14618,13599,12338,11167,9758,-1,8026
wayfair,6091,-1,6059,6039,-1,-1,-1,-1,-1,-1,-1,-1,-1,-1,-1,-1,-1,-1,-1,-1,-1,-1,-1,-1,-1,-1,-1,-1,-1,-1,-1,-1,-1,-1,-1,-1,-1,-1,-1,-1,-1,-1,-1,-1,-1,-1,-1,-1,-1
farming simulator 14,-1,-1,-1,-1,-1,-1,-1,-1,-1,-1,95589,94823,-1,-1,92021,90880,89756,88847,87675,-1,-1,84535,83452,82285,81198,80103,-1,-1,75941,-1,73721,72804,-1,70781,68673,67107,65263,63867,-1,61581,-1,-1,56956,55893,54782,53622,52487,-1,50846
farming simulator 14,-1,-1,-1,-1,-1,-1,-1,-1,-1,-1,-1,-1,-1,-1,-1,-1,-1,-1,-1,-1,-1,-1,-1,-1,-1,-1,-1,-1,-1,-1,-1,-1,-1,-1,-1,-1,-1,-1,-1,-1,-1,-1,-1,-1,-1,-1,-1,-1,-1
farming simulator 14,-1,-1,-1,-1,-1,-1,-1,-1,-1,-1,-1,-1,-1,-1,-1,-1,-1,-1,-1,-1,-1,-1,-1,-1,-1,-1,-1,-1,-1,-1,-1,-1,-1,-1,-1,-1,-1,-1,-1,-1,-1,-1,-1,-1,-1,-1,-1,-1,-1
farming simulator 14,-1,-1,-1,-1,-1,-1,-1,-1,-1,-1,-1,-1,-1,-1,-1,-1,-1,-1,-1,-1,-1,-1,-1,-1,-1,-1,-1,-1,-1,-1,-1,-1,-1,-1,-1,-1,-1,-1,-1,-1,-1,-1,-1,-1,-1,-1,-1,-1,-1
turbo dismount,-1,-1,-1,-1,-1,-1,-1,448457,448061,447907,447540,447195,-1,-1,445610,445138,444667,444290,443692,-1,-1,442282,441797,441261,440716,440165,-1,-1,438273,-1,437327,-1,-1,436215,435475,434879,434240,433751,-1,432983,-1,-1,431565,431227,430892,430541,430179,-1,-1
xbox,196115,-1,194777,194245,-1,-1,-1,191298,190461,189821,188962,188143,-1,-1,185530,184614,183640,182820,181895,-1,-1,179306,178397,177320,176384,175495,-1,-1,172226,-1,170189,-1,-1,167610,165442,163832,162442,161279,-1,158996,-1,-1,154575,153286,151983,151174,149972,-1,148458
wordtrek brain puzzles & games,97526,-1,97258,97127,-1,-1,-1,96493,96308,96216,96020,95861,-1,-1,95358,95197,94992,94811,94580,-1,-1,93903,93689,93463,93194,92952,-1,-1,92296,-1,91826,91543,-1,91160,90673,90387,89980,89719,-1,89083,-1,-1,88202,87928,87534,87195,86850,-1,86308
hotels.comhotel booking,196631,-1,196465,196365,-1,-1,-1,195958,195850,195774,195613,195485,-1,-1,-1,-1,-1,-1,-1,-1,-1,-1,-1,-1,-1,-1,-1,-1,193463,-1,-1,-1,-1,-1,192806,192672,192557,192440,-1,-1,-1,-1,191882,-1,-1,-1,-1,-1,191297
hotels.comhotel booking,-1,-1,-1,-1,-1,-1,-1,-1,-1,-1,-1,-1,-1,-1,-1,-1,-1,-1,-1,-1,-1,-1,-1,-1,-1,-1,-1,-1,-1,-1,-1,-1,-1,-1,-1,-1,-1,-1,-1,-1,-1,-1,-1,-1,-1,-1,-1,-1,-1
two dots,-1,-1,-1,-1,-1,-1,-1,-1,-1,-1,-1,-1,-1,-1,-1,-1,-1,-1,-1,-1,-1,-1,-1,-1,-1,-1,-1,-1,-1,-1,-1,-1,-1,355631,355136,354863,354423,354043,-1,353407,-1,-1,352136,351705,351295,350745,350369,-1,349777
here maps,-1,-1,-1,-1,-1,-1,-1,-1,-1,-1,281649,281328,-1,-1,280243,279924,279546,279251,-1,-1,-1,-1,-1,-1,-1,-1,-1,-1,274245,-1,273579,-1,-1,272693,272097,271713,271281,270888,-1,269714,-1,-1,268004,267438,266588,266340,266055,-1,265639
here maps,-1,-1,-1,-1,-1,-1,-1,-1,-1,-1,-1,-1,-1,-1,-1,-1,-1,-1,-1,-1,-1,-1,-1,-1,-1,-1,-1,-1,-1,-1,-1,-1,-1,-1,-1,-1,-1,-1,-1,-1,-1,-1,-1,-1,-1,-1,-1,-1,-1
slots,-1,-1,-1,-1,-1,-1,-1,-1,-1,-1,-1,-1,-1,-1,-1,-1,-1,-1,-1,-1,-1,2347,2266,2102,1888,1664,-1,-1,-1,-1,-1,-1,-1,-1,-1,-1,-1,-1,-1,-1,-1,-1,-1,-1,-1,-1,-1,-1,-1
slotsbig fish casinofree,-1,-1,-1,-1,-1,-1,-1,-1,-1,-1,-1,-1,-1,-1,-1,-1,-1,-1,-1,-1,-1,-1,-1,-1,-1,-1,-1,-1,-1,-1,-1,-1,-1,-1,-1,-1,-1,-1,-1,-1,-1,-1,289294,289171,289011,288813,288663,-1,288508
slotsbig fish casinofree,-1,-1,-1,-1,-1,-1,-1,-1,-1,-1,-1,-1,-1,-1,-1,-1,-1,-1,-1,-1,-1,-1,-1,-1,-1,-1,-1,-1,-1,-1,-1,-1,-1,-1,-1,-1,-1,-1,-1,-1,-1,-1,-1,-1,-1,-1,-1,-1,-1
plantnet plant identification,-1,-1,-1,-1,-1,-1,-1,-1,-1,-1,-1,-1,-1,-1,-1,-1,-1,-1,-1,-1,-1,-1,-1,-1,-1,-1,-1,-1,-1,-1,-1,-1,-1,-1,-1,-1,-1,-1,-1,-1,-1,-1,-1,4491,4485,4478,4470,-1,4448
block! hexa puzzle,-1,-1,-1,-1,-1,-1,-1,-1,-1,-1,22226,22056,-1,-1,21434,21166,20841,20551,20019,-1,-1,17540,16861,16404,16227,16077,-1,-1,15591,-1,15237,15062,-1,14804,14407,14104,13778,13428,-1,12709,-1,-1,12042,11863,11640,11412,11096,-1,10423
kill shot bravo,-1,-1,-1,-1,-1,-1,-1,-1,-1,-1,-1,-1,-1,-1,-1,-1,-1,-1,-1,-1,-1,-1,-1,-1,-1,-1,-1,-1,-1,-1,-1,-1,-1,-1,-1,-1,-1,-1,-1,291824,-1,-1,289568,288971,288480,288026,287550,-1,286786
carrot rewards,-1,-1,-1,-1,-1,-1,-1,-1,-1,-1,-1,-1,-1,-1,-1,-1,-1,-1,-1,-1,-1,-1,-1,-1,-1,-1,-1,-1,-1,-1,-1,-1,-1,-1,-1,-1,-1,-1,-1,-1,-1,-1,-1,256,256,254,254,-1,254
cm locker repair privacy risks,-1,-1,-1,-1,-1,-1,-1,2334449,2331730,2329435,2326085,2323355,-1,-1,-1,2311830,2308999,-1,-1,-1,-1,2294460,2292225,2288291,2284971,2281705,-1,-1,2271861,-1,2265792,-1,-1,2256788,2251653,2248737,2243875,2240728,-1,2234938,-1,-1,2223027,2220514,2216995,2213366,2209367,-1,2203891
yellow boosterclean & boost,-1,-1,-1,-1,-1,-1,-1,-1,-1,-1,-1,-1,-1,-1,-1,-1,-1,-1,-1,-1,-1,-1,-1,-1,-1,-1,-1,-1,397865,-1,386486,-1,-1,367186,-1,-1,-1,-1,-1,332032,-1,-1,307893,298501,293642,286828,278669,-1,269169
yoshop,-1,-1,-1,-1,-1,-1,-1,-1,-1,-1,-1,-1,-1,-1,-1,-1,-1,-1,-1,-1,-1,-1,-1,-1,-1,-1,-1,-1,-1,-1,-1,-1,-1,2827,2793,2776,2745,2727,-1,2692,-1,-1,2665,2659,2641,2628,2610,-1,2583
hello,-1,-1,-1,-1,-1,-1,-1,-1,-1,-1,-1,-1,-1,-1,-1,-1,-1,-1,-1,-1,-1,-1,-1,-1,-1,-1,-1,-1,-1,-1,-1,-1,-1,-1,-1,-1,-1,-1,-1,-1,-1,-1,-1,-1,-1,-1,-1,-1,2358
solitaire,281074,-1,280091,279722,-1,-1,-1,277680,277222,276942,276265,275843,-1,-1,274337,273869,273405,273025,272490,-1,-1,271077,270740,270117,269555,269001,-1,-1,267460,-1,266694,266261,-1,265599,264980,264640,264075,263771,-1,263019,-1,-1,261362,261025,260545,260098,259592,-1,258770
diy locker,-1,-1,-1,-1,-1,-1,-1,-1,-1,-1,-1,-1,-1,-1,-1,-1,-1,-1,-1,-1,-1,-1,-1,-1,-1,-1,-1,-1,-1,-1,-1,-1,-1,-1,-1,-1,-1,-1,-1,-1,-1,-1,37589,34974,32630,29772,26687,-1,21253
aeroplan,-1,-1,-1,-1,-1,-1,-1,-1,-1,-1,-1,-1,-1,-1,-1,-1,-1,-1,-1,-1,-1,-1,-1,-1,-1,-1,-1,-1,-1,-1,-1,-1,-1,-1,-1,-1,-1,-1,-1,-1,-1,-1,-1,-1,-1,-1,-1,-1,241
music,70116,-1,69573,69269,-1,-1,-1,67917,67583,67400,66921,66611,-1,-1,65573,65240,65006,64763,64428,-1,-1,63451,63218,62877,62566,62266,-1,-1,61285,-1,60680,60396,-1,60020,59594,59254,58834,58544,-1,58074,-1,-1,57139,56836,56567,56293,56027,-1,55630
sky garden,-1,-1,-1,-1,-1,-1,-1,46803,46140,45255,43906,42789,-1,-1,-1,-1,-1,-1,-1,-1,-1,-1,-1,-1,-1,-1,-1,-1,-1,-1,-1,-1,-1,-1,-1,-1,-1,-1,-1,-1,-1,-1,-1,-1,-1,-1,-1,-1,-1
sky garden,-1,-1,-1,-1,-1,-1,-1,-1,-1,-1,-1,-1,-1,-1,-1,-1,-1,-1,-1,-1,-1,-1,-1,-1,-1,-1,-1,-1,-1,-1,-1,-1,-1,-1,-1,-1,-1,-1,-1,-1,-1,-1,-1,-1,-1,-1,-1,-1,-1
wind my account,-1,-1,-1,-1,-1,-1,-1,4233,4230,4228,4226,4224,-1,-1,4219,-1,-1,-1,-1,-1,-1,-1,-1,-1,-1,-1,-1,-1,4184,-1,-1,-1,-1,-1,4167,-1,-1,-1,-1,4160,-1,-1,4155,4155,4153,-1,-1,-1,-1
orborous,-1,-1,-1,-1,-1,-1,-1,-1,-1,-1,-1,-1,-1,-1,-1,-1,-1,-1,-1,-1,-1,-1,-1,-1,-1,-1,-1,-1,-1,-1,-1,-1,-1,-1,-1,-1,-1,-1,-1,-1,-1,-1,-1,-1,-1,-1,-1,-1,17465
nova launcher,857129,-1,-1,856104,-1,-1,-1,854114,853587,853242,852621,852245,-1,-1,850504,-1,-1,-1,-1,-1,-1,-1,-1,-1,845849,845349,-1,-1,843601,-1,842567,-1,-1,841249,840398,839705,839006,838558,-1,837733,-1,-1,835791,835357,834898,-1,-1,-1,833432
music player,440488,-1,437611,435994,-1,-1,-1,428740,426970,425869,423525,422135,-1,-1,416910,415505,413762,412363,410244,-1,-1,405017,403304,401487,399696,397936,-1,-1,392852,-1,389556,388244,-1,385718,383310,381584,379630,378158,-1,375426,-1,-1,370756,369308,367866,366344,364868,-1,362758
tap sports baseball 2016,80783,-1,79413,78676,-1,-1,-1,-1,-1,-1,-1,-1,-1,-1,-1,-1,-1,-1,-1,-1,-1,-1,-1,-1,-1,-1,-1,-1,-1,-1,65640,-1,-1,64615,-1,-1,-1,-1,-1,-1,-1,-1,-1,-1,-1,-1,-1,-1,-1
tap sports baseball 2016,-1,-1,-1,-1,-1,-1,-1,-1,-1,-1,-1,-1,-1,-1,-1,-1,-1,-1,-1,-1,-1,-1,-1,-1,-1,-1,-1,-1,-1,-1,-1,-1,-1,-1,-1,-1,-1,-1,-1,-1,-1,-1,-1,-1,-1,-1,-1,-1,-1
torch,6208,-1,6170,6141,-1,-1,-1,-1,-1,-1,13822,13741,-1,-1,13400,13273,13154,13083,12927,-1,-1,12590,12465,12325,12193,12020,-1,-1,11618,-1,11276,-1,-1,10807,10520,10358,10139,10002,-1,9721,-1,-1,9244,9125,9012,8894,8766,-1,8599
mlb.com at bat,64364,-1,64301,64268,-1,-1,-1,-1,-1,-1,-1,-1,-1,-1,-1,-1,-1,-1,-1,-1,-1,-1,-1,-1,63490,63460,-1,-1,63295,-1,63182,-1,-1,63088,-1,-1,-1,-1,-1,-1,-1,-1,-1,-1,-1,62550,62521,-1,62481
kingdom hearts unchained,-1,-1,-1,-1,-1,-1,-1,-1,-1,-1,-1,-1,-1,-1,-1,-1,-1,-1,-1,-1,-1,-1,-1,-1,-1,-1,-1,-1,-1,-1,-1,-1,-1,-1,-1,-1,-1,24704,-1,24373,-1,-1,23527,23299,23055,22704,22042,-1,20599
build away! -idle city builder,-1,-1,-1,-1,-1,-1,-1,-1,-1,-1,-1,-1,-1,-1,-1,-1,-1,-1,-1,-1,-1,-1,-1,-1,-1,-1,-1,-1,-1,-1,-1,-1,-1,-1,-1,-1,-1,20894,-1,20277,-1,-1,18170,16992,15435,13525,11261,-1,6948
zen koi,-1,-1,-1,-1,-1,-1,-1,-1,-1,-1,-1,-1,-1,-1,-1,-1,-1,-1,-1,-1,-1,-1,-1,-1,-1,-1,-1,-1,-1,-1,-1,-1,-1,-1,-1,-1,-1,-1,-1,140841,-1,-1,139597,138902,137627,136450,135211,-1,133213
ketchapp football,-1,-1,-1,-1,-1,-1,-1,5644,5575,5539,5415,5345,-1,-1,4848,4652,4444,-1,-1,-1,-1,-1,-1,-1,-1,-1,-1,-1,-1,-1,3185,-1,-1,3033,2894,2782,2641,2499,-1,2154,-1,-1,1165,1007,876,770,635,-1,475
u.s. open golf championship,-1,-1,-1,-1,-1,-1,-1,-1,-1,-1,-1,-1,-1,-1,-1,-1,-1,-1,-1,-1,-1,-1,-1,-1,-1,-1,-1,-1,-1,-1,-1,-1,-1,-1,-1,-1,-1,-1,-1,-1,-1,-1,-1,-1,-1,1876,1874,-1,1833
wgt ,-1,-1,-1,-1,-1,-1,-1,-1,-1,-1,-1,-1,-1,-1,-1,-1,-1,-1,-1,-1,-1,-1,-1,-1,-1,-1,-1,-1,-1,-1,-1,-1,-1,-1,-1,-1,-1,77859,-1,77731,-1,-1,77454,77379,77253,77159,77058,-1,76930
sport tv live,-1,-1,-1,-1,-1,-1,-1,-1,-1,-1,-1,-1,-1,-1,-1,-1,-1,-1,-1,-1,-1,-1,-1,-1,-1,-1,-1,-1,-1,-1,-1,-1,-1,-1,-1,-1,-1,-1,-1,-1,-1,-1,-1,-1,-1,-1,-1,-1,8517
tiny tower,-1,-1,-1,-1,-1,-1,-1,-1,-1,-1,-1,-1,-1,-1,11689,-1,-1,-1,10585,-1,-1,10109,9937,9664,9336,8976,-1,-1,7889,-1,7241,6916,-1,6412,5877,5575,4986,4602,-1,4053,-1,-1,3163,2948,2794,2697,2587,-1,2320
block puzzle jewel,-1,-1,-1,-1,-1,-1,-1,-1,-1,-1,-1,-1,-1,-1,-1,-1,-1,-1,-1,-1,-1,-1,-1,-1,-1,-1,-1,-1,-1,-1,-1,-1,-1,-1,-1,-1,-1,-1,-1,-1,-1,-1,-1,-1,4956,4888,4816,-1,4713
invisible skins for slitherio,-1,-1,-1,-1,-1,-1,-1,-1,-1,-1,-1,-1,-1,-1,-1,-1,-1,-1,-1,-1,-1,-1,-1,-1,-1,-1,-1,-1,-1,-1,-1,-1,-1,-1,-1,-1,4015,3797,-1,3480,-1,-1,2793,2607,2398,2190,1967,-1,1632
spider-man unlimited,1765842,-1,1764720,1764316,-1,-1,-1,1760903,1760074,1759463,1758435,1757583,-1,-1,1754209,1753019,1751942,1751180,1750026,-1,-1,-1,-1,-1,1743440,-1,-1,-1,1738940,-1,1737003,-1,-1,1734118,1732378,1731111,1729626,1728695,-1,1727095,-1,-1,1723408,1722556,1721526,1720253,1719159,-1,1717354
antivirus free-mobile security,-1,-1,-1,-1,-1,-1,-1,-1,-1,-1,-1,-1,-1,-1,-1,-1,-1,-1,-1,-1,-1,-1,-1,-1,-1,-1,-1,-1,-1,-1,-1,-1,-1,-1,-1,-1,-1,-1,-1,-1,-1,-1,-1,-1,-1,-1,-1,-1,697536
blazblue rr,-1,-1,-1,-1,-1,-1,-1,-1,-1,-1,-1,-1,-1,-1,-1,-1,-1,-1,-1,-1,-1,-1,-1,-1,-1,-1,-1,-1,-1,-1,-1,-1,-1,-1,-1,-1,-1,-1,-1,-1,-1,-1,8876,8583,7957,7374,6753,-1,5718
bubble witch 2 saga,-1,-1,-1,-1,-1,-1,-1,-1,-1,-1,-1,-1,-1,-1,-1,-1,-1,-1,-1,-1,-1,-1,-1,-1,-1,-1,-1,-1,-1,-1,-1,-1,-1,-1,-1,-1,-1,-1,-1,-1,-1,-1,-1,-1,-1,-1,-1,-1,2441348
pocket mortys,-1,-1,-1,-1,-1,-1,-1,-1,-1,-1,-1,-1,-1,-1,46911,46712,46508,46329,46083,-1,-1,45458,45268,44958,44643,44364,-1,-1,43462,-1,-1,-1,-1,42308,41876,41616,41282,41017,-1,-1,-1,-1,-1,-1,-1,-1,-1,-1,39567
100t earth defender,-1,-1,-1,-1,-1,-1,-1,-1,-1,-1,-1,-1,-1,-1,-1,-1,-1,-1,-1,-1,-1,-1,-1,-1,-1,-1,-1,-1,-1,-1,-1,-1,-1,-1,14226,13988,13550,13355,-1,12990,-1,-1,12093,11659,11228,10659,10162,-1,9279
empire,-1,-1,-1,-1,-1,-1,-1,-1,-1,-1,-1,-1,-1,-1,-1,-1,-1,-1,-1,-1,-1,-1,-1,-1,-1,-1,-1,-1,-1,-1,-1,-1,-1,-1,-1,9210,9109,9030,-1,8835,-1,-1,8500,8407,8246,-1,8005,-1,-1
village city,-1,-1,-1,-1,-1,-1,-1,-1,-1,-1,-1,-1,-1,-1,-1,-1,-1,-1,-1,-1,-1,-1,-1,-1,-1,-1,-1,-1,-1,-1,-1,-1,-1,-1,-1,-1,-1,2281,-1,2225,-1,-1,2102,2075,2030,1990,1953,-1,-1
dragon story,-1,-1,-1,-1,-1,-1,-1,-1,-1,-1,-1,-1,-1,-1,-1,-1,-1,-1,-1,-1,-1,-1,-1,-1,-1,-1,-1,-1,-1,-1,-1,-1,-1,-1,-1,-1,-1,-1,-1,-1,-1,-1,1334,1272,1160,1069,923,-1,-1
clicker heroes,-1,-1,-1,-1,-1,-1,-1,-1,-1,-1,-1,-1,-1,-1,-1,-1,-1,-1,-1,-1,-1,-1,-1,-1,-1,-1,-1,-1,-1,-1,-1,-1,-1,-1,-1,-1,-1,-1,-1,-1,-1,-1,58675,58437,58160,57814,57435,-1,-1
sudoku quest free,-1,-1,-1,-1,-1,-1,-1,-1,-1,-1,-1,-1,-1,-1,-1,-1,-1,-1,-1,-1,-1,-1,-1,-1,-1,-1,-1,-1,-1,-1,-1,-1,-1,-1,-1,-1,-1,-1,-1,16834,-1,-1,16408,16106,15553,14983,14408,-1,-1
the sandbox evolution,-1,-1,-1,-1,-1,-1,-1,-1,-1,-1,47128,46875,-1,-1,45447,44516,43322,42310,40734,-1,-1,37355,36259,35209,34235,33108,-1,-1,28772,-1,25263,23783,-1,21979,19807,18458,17350,16442,-1,14588,-1,-1,5488,1655,187,178,163,-1,-1
gun fu,-1,-1,-1,-1,-1,-1,-1,-1,-1,-1,-1,-1,-1,-1,-1,-1,-1,-1,-1,-1,-1,-1,-1,-1,-1,-1,-1,-1,-1,-1,-1,-1,-1,-1,-1,-1,-1,-1,-1,-1,-1,-1,201332,200990,200256,199634,198962,-1,-1
cristiano ronaldo,-1,-1,-1,-1,-1,-1,-1,-1,-1,-1,-1,-1,-1,-1,-1,-1,-1,-1,-1,-1,-1,-1,-1,-1,-1,-1,-1,-1,-1,-1,-1,-1,-1,-1,-1,-1,-1,-1,-1,35265,-1,-1,28542,26929,24959,22544,19840,-1,-1
summoners war,1630568,-1,1629575,1629038,-1,-1,-1,1626282,1625532,1624631,1622388,1621613,-1,-1,1617925,1612136,1611199,1610541,1609721,-1,-1,1607197,1606592,1604976,1602218,1601437,-1,-1,1598266,-1,1597041,1596166,-1,1594901,1593473,1592420,1591098,1589263,-1,1586791,-1,-1,1583937,1583273,1582500,1581743,1580910,-1,-1
deer hunter 2016,562241,-1,561410,560959,-1,-1,-1,558423,557799,557304,556548,555894,-1,-1,553597,552752,551972,551357,550543,-1,-1,548505,547969,547066,546266,545435,-1,-1,542961,-1,541487,540869,-1,539553,538161,537090,535771,535034,-1,533932,-1,-1,531900,531483,530981,530463,529928,-1,-1
age of kings,-1,-1,-1,-1,-1,-1,-1,-1,-1,-1,-1,-1,-1,-1,-1,-1,-1,-1,-1,-1,-1,-1,-1,-1,-1,-1,-1,-1,-1,-1,-1,-1,-1,-1,-1,-1,-1,-1,-1,85535,-1,-1,84299,83808,82728,81542,80567,-1,-1
live.me live video streaming,-1,-1,-1,-1,-1,-1,-1,-1,-1,-1,-1,-1,-1,-1,-1,-1,-1,-1,-1,-1,-1,18726,18187,17645,17071,16477,-1,-1,14552,-1,12922,-1,-1,11698,11080,-1,-1,-1,-1,-1,-1,-1,-1,-1,-1,8481,8308,-1,-1
livescore euro 2016,-1,-1,-1,-1,-1,-1,-1,-1,-1,-1,-1,-1,-1,-1,-1,-1,-1,-1,-1,-1,-1,-1,-1,-1,-1,-1,-1,-1,-1,-1,-1,-1,-1,-1,-1,-1,-1,-1,-1,-1,-1,-1,-1,-1,-1,-1,787,-1,-1
coach bus simulator,-1,-1,-1,-1,-1,-1,-1,-1,-1,-1,-1,-1,-1,-1,-1,-1,-1,-1,-1,-1,-1,-1,-1,-1,-1,-1,-1,-1,-1,-1,-1,-1,-1,67713,64219,61574,58376,56078,-1,52595,-1,-1,44092,41682,39052,36603,33694,-1,-1
gyrosphere trials,-1,-1,-1,-1,-1,-1,-1,-1,-1,-1,-1,-1,-1,-1,-1,-1,-1,-1,-1,-1,-1,-1,-1,-1,-1,-1,-1,-1,-1,-1,-1,-1,-1,-1,-1,-1,-1,-1,-1,39649,-1,-1,38416,38076,37695,37323,36961,-1,-1
summer vacation,-1,-1,-1,-1,-1,-1,-1,-1,-1,-1,-1,-1,-1,-1,-1,-1,-1,-1,-1,-1,-1,-1,-1,-1,-1,-1,-1,-1,-1,-1,-1,-1,-1,-1,-1,-1,-1,-1,-1,-1,-1,-1,1647,1507,1406,1240,1048,-1,-1
solitaire tripeaks,-1,-1,-1,298566,-1,-1,-1,-1,-1,-1,-1,-1,-1,-1,-1,-1,-1,295345,-1,-1,-1,-1,-1,-1,-1,293149,-1,-1,292009,-1,291469,-1,-1,290762,290275,289979,289666,-1,-1,-1,-1,-1,288371,-1,-1,-1,287281,-1,-1
moviestarplanet,724684,-1,723337,722492,-1,-1,-1,720169,719583,719181,718525,717959,-1,-1,716237,715588,714961,714497,713873,-1,-1,712168,711666,711046,710499,709911,-1,-1,708020,-1,706969,-1,-1,705702,704889,704163,703388,702764,-1,701350,-1,-1,-1,698469,697961,697583,697075,-1,-1
offline maps & navigation,116368,-1,116061,115940,-1,-1,-1,115190,115010,114864,114659,114518,-1,-1,113971,113809,113635,113470,113298,-1,-1,112726,112550,112345,112154,111994,-1,-1,111467,-1,111191,-1,-1,110800,110555,110416,110196,110076,-1,-1,-1,-1,-1,109088,108922,108777,108592,-1,-1
kodak kiosk connect,-1,-1,-1,-1,-1,-1,-1,-1,-1,-1,-1,-1,-1,-1,-1,-1,-1,-1,-1,-1,-1,-1,-1,-1,-1,-1,-1,-1,-1,-1,-1,-1,-1,-1,-1,-1,-1,-1,-1,-1,-1,-1,-1,-1,-1,42664,42614,-1,-1
music player,440488,-1,437611,435994,-1,-1,-1,428740,426970,425869,423525,422135,-1,-1,416910,415505,413762,412363,410244,-1,-1,405017,403304,401487,399696,397936,-1,-1,392852,-1,389556,388244,-1,385718,383310,381584,379630,378158,-1,375426,-1,-1,370756,369308,367866,366344,364868,-1,362758
zombie frontier 3,-1,-1,-1,-1,-1,-1,-1,-1,-1,-1,-1,-1,-1,-1,-1,-1,-1,-1,-1,-1,-1,-1,-1,-1,-1,-1,-1,-1,-1,-1,-1,-1,-1,-1,-1,-1,-1,-1,-1,-1,-1,-1,115831,115066,113772,112591,111454,-1,-1
slugterra,-1,-1,-1,-1,-1,-1,-1,-1,-1,-1,-1,-1,-1,-1,-1,-1,-1,-1,-1,-1,-1,-1,-1,-1,-1,-1,-1,-1,-1,-1,-1,-1,-1,-1,-1,-1,-1,-1,-1,-1,-1,-1,8234,7761,-1,6741,6158,-1,-1
charm king,-1,-1,-1,-1,-1,-1,-1,-1,-1,-1,-1,-1,-1,-1,-1,-1,-1,-1,-1,-1,-1,-1,-1,-1,-1,-1,-1,-1,-1,-1,-1,-1,-1,-1,-1,-1,-1,-1,-1,-1,-1,-1,332191,331825,331191,330533,329818,-1,-1
the game of life big screen,-1,-1,-1,-1,-1,-1,-1,-1,-1,-1,-1,-1,-1,-1,-1,3762,3747,3736,3715,-1,-1,3587,3482,3343,3232,3135,-1,-1,2858,-1,-1,-1,-1,-1,-1,2557,2540,2529,-1,2505,-1,-1,2354,2325,2308,2276,2250,-1,-1
flutter,-1,-1,-1,-1,-1,-1,-1,-1,-1,-1,-1,-1,-1,-1,-1,-1,-1,-1,-1,-1,-1,-1,-1,-1,-1,-1,-1,-1,-1,-1,-1,-1,-1,-1,-1,-1,-1,-1,-1,-1,-1,-1,-1,-1,-1,3101,2752,-1,-1
whack the boss,-1,-1,-1,-1,-1,-1,-1,-1,-1,-1,-1,-1,-1,-1,-1,-1,-1,-1,-1,-1,-1,-1,-1,-1,-1,-1,-1,-1,-1,-1,-1,-1,-1,-1,-1,-1,-1,-1,-1,-1,-1,-1,-1,-1,-1,-1,4527,-1,-1
radio fm canada,2538,-1,2529,2530,-1,-1,-1,2512,2503,2496,2484,2478,-1,-1,-1,-1,-1,-1,-1,-1,-1,-1,-1,-1,-1,-1,-1,-1,2381,-1,-1,-1,-1,433,-1,-1,-1,-1,-1,-1,-1,-1,-1,-1,-1,-1,2306,-1,-1
du antivirus,73208,-1,72200,71616,-1,-1,-1,67561,66407,65482,64085,62558,-1,-1,58565,57523,56507,55678,54747,-1,-1,51565,50478,49104,47766,-1,-1,-1,-1,-1,39556,38333,-1,36227,34158,32773,31189,30240,-1,28264,-1,-1,25191,24568,23727,22916,-1,-1,-1
free music,191568,-1,190473,190014,-1,-1,-1,187902,187359,186935,186191,185689,-1,-1,183627,183030,182424,181937,181327,-1,-1,179524,178976,178326,177750,177195,-1,-1,175378,-1,174262,173639,-1,172822,171937,171400,170632,170126,-1,169186,-1,-1,167293,166834,166461,165924,-1,-1,-1
transit now,-1,-1,-1,-1,-1,-1,-1,-1,-1,-1,-1,-1,-1,-1,-1,-1,-1,-1,-1,-1,-1,-1,-1,-1,-1,-1,-1,-1,-1,-1,-1,-1,-1,191,185,180,172,170,-1,167,-1,-1,148,142,132,123,-1,-1,-1
photo collage,-1,-1,-1,-1,-1,-1,-1,-1,-1,-1,-1,-1,-1,-1,-1,-1,-1,-1,-1,-1,-1,-1,-1,-1,-1,-1,-1,-1,-1,-1,-1,-1,-1,-1,-1,-1,-1,-1,-1,-1,-1,-1,-1,-1,-1,131867,-1,-1,-1
nba app,-1,-1,-1,-1,-1,-1,-1,-1,-1,-1,-1,-1,-1,-1,-1,-1,-1,-1,-1,-1,-1,-1,-1,-1,-1,-1,-1,-1,-1,-1,-1,-1,-1,-1,-1,-1,-1,-1,-1,-1,-1,-1,-1,-1,-1,102182,-1,-1,-1
garmin connect mobile,-1,-1,-1,-1,-1,-1,-1,-1,-1,-1,-1,-1,-1,-1,-1,-1,-1,-1,-1,-1,-1,-1,-1,-1,-1,-1,-1,-1,-1,-1,-1,-1,-1,-1,-1,-1,-1,-1,-1,-1,-1,-1,58645,58467,58328,58068,-1,-1,-1
rock star animal hair salon,-1,-1,-1,-1,-1,-1,-1,-1,-1,-1,-1,-1,-1,-1,-1,-1,-1,-1,-1,-1,-1,-1,-1,-1,-1,-1,-1,-1,-1,-1,-1,-1,-1,-1,-1,-1,-1,1051,-1,946,-1,-1,580,519,473,406,-1,-1,-1
diep io,-1,-1,-1,-1,-1,-1,-1,-1,-1,-1,-1,-1,-1,-1,-1,-1,-1,-1,-1,-1,-1,-1,-1,-1,-1,-1,-1,-1,-1,-1,-1,-1,-1,-1,-1,-1,-1,-1,-1,-1,-1,-1,-1,7568,6318,4671,-1,-1,-1
mortal kombat x,-1,-1,-1,1838780,-1,-1,-1,1830909,1828956,1827487,1824929,1822682,-1,-1,-1,-1,-1,-1,-1,-1,-1,-1,-1,-1,-1,-1,-1,-1,-1,-1,-1,-1,-1,1770616,-1,-1,-1,-1,-1,-1,-1,-1,1744995,1742388,1739914,1737857,-1,-1,-1
mcplay,24419,-1,24337,24302,-1,-1,-1,24076,24016,23982,23913,23881,-1,-1,23720,23664,23598,23540,23477,-1,-1,23288,23212,23134,23059,22987,-1,-1,22699,-1,-1,-1,-1,-1,-1,-1,-1,-1,-1,-1,-1,-1,-1,-1,-1,21540,-1,-1,-1
solitaire,281074,-1,280091,279722,-1,-1,-1,277680,277222,276942,276265,275843,-1,-1,274337,273869,273405,273025,272490,-1,-1,271077,270740,270117,269555,269001,-1,-1,267460,-1,266694,266261,-1,265599,264980,264640,264075,263771,-1,263019,-1,-1,261362,261025,260545,260098,259592,-1,258770
fishing hook,-1,-1,-1,-1,-1,-1,-1,-1,-1,-1,-1,-1,-1,-1,399305,396822,394546,392517,389716,-1,-1,-1,-1,-1,-1,-1,-1,-1,-1,-1,-1,-1,-1,-1,-1,-1,-1,-1,-1,-1,-1,-1,-1,-1,-1,335578,-1,-1,-1
toolbox for minecraft,186994,-1,185264,184248,-1,-1,-1,177967,176534,175434,173793,172458,-1,-1,168283,166849,165279,164298,162934,-1,-1,159351,158417,157071,155871,154642,-1,-1,150258,-1,147143,-1,-1,144335,142669,-1,-1,-1,-1,-1,-1,-1,-1,-1,-1,134977,-1,-1,-1
tap emoji keyboard-smiley skin,-1,-1,-1,-1,-1,-1,-1,-1,-1,-1,-1,-1,-1,-1,-1,-1,-1,-1,-1,-1,-1,-1,46459,-1,-1,-1,-1,-1,-1,-1,-1,-1,-1,-1,40663,40591,40430,40405,-1,39458,-1,-1,33560,32022,30001,-1,-1,-1,-1
what's inside the box?,12262,-1,11978,11810,-1,-1,-1,10790,10409,10083,9666,9307,-1,-1,8220,7839,7521,7405,7086,-1,-1,6235,5746,5175,4691,-1,-1,-1,-1,-1,-1,-1,-1,-1,-1,-1,-1,-1,-1,2738,-1,-1,1749,1585,1431,-1,-1,-1,-1
videotron wifi,-1,-1,-1,-1,-1,-1,-1,78,78,77,-1,-1,-1,-1,-1,-1,-1,-1,-1,-1,-1,-1,-1,-1,-1,-1,-1,-1,-1,-1,-1,-1,-1,-1,-1,-1,-1,-1,-1,-1,-1,-1,-1,45,43,-1,-1,-1,-1
myradar weather radar,-1,-1,119082,118940,-1,-1,-1,-1,117860,117745,117487,117308,-1,-1,116664,116433,116283,116123,115881,-1,-1,115270,-1,114765,114580,114391,-1,-1,-1,-1,-1,-1,-1,-1,-1,-1,-1,-1,-1,-1,-1,-1,-1,-1,110800,-1,-1,-1,-1
casino saga,-1,-1,-1,-1,-1,-1,-1,-1,-1,-1,-1,-1,-1,-1,-1,-1,-1,-1,-1,-1,-1,-1,-1,-1,-1,-1,-1,-1,-1,-1,-1,-1,-1,-1,-1,-1,-1,-1,-1,-1,-1,-1,-1,22216,21916,-1,-1,-1,-1
video editor no cropmusiccut,-1,-1,-1,-1,-1,-1,-1,-1,-1,-1,-1,-1,-1,-1,-1,-1,-1,-1,-1,-1,-1,-1,-1,-1,-1,-1,-1,-1,422101,-1,420186,-1,-1,417854,416374,415452,414309,413440,-1,-1,-1,-1,-1,407776,406944,-1,-1,-1,-1
gods of rome,-1,-1,-1,-1,-1,-1,-1,-1,-1,-1,-1,-1,-1,-1,229411,227452,224916,222975,220133,-1,-1,-1,-1,-1,-1,-1,-1,-1,-1,-1,-1,-1,-1,-1,-1,-1,-1,-1,-1,-1,-1,-1,197645,196715,195329,-1,-1,-1,-1
8fit,15136,-1,-1,-1,-1,-1,-1,-1,-1,-1,-1,-1,-1,-1,14410,14360,14294,14248,-1,-1,-1,14015,13968,13917,13850,13782,-1,-1,13641,-1,13491,-1,-1,13370,-1,-1,-1,-1,-1,-1,-1,-1,12969,12934,12889,-1,-1,-1,-1
amex ca,294,-1,289,289,-1,-1,-1,284,284,284,282,282,-1,-1,278,277,276,276,276,-1,-1,275,273,273,272,270,-1,-1,270,-1,267,-1,-1,265,263,262,260,259,-1,259,-1,-1,256,256,-1,-1,-1,-1,-1
mintchip,-1,-1,-1,-1,-1,-1,-1,-1,-1,-1,-1,-1,-1,-1,-1,-1,-1,-1,-1,-1,-1,-1,-1,-1,-1,-1,-1,-1,-1,-1,-1,-1,-1,-1,-1,-1,-1,-1,-1,-1,-1,-1,50,44,-1,-1,-1,-1,-1
what3words,-1,-1,-1,-1,-1,-1,-1,-1,-1,-1,-1,-1,-1,-1,-1,-1,-1,-1,-1,-1,-1,-1,-1,-1,-1,-1,-1,-1,-1,-1,-1,-1,-1,-1,-1,-1,-1,-1,-1,-1,-1,-1,767,765,-1,-1,-1,-1,-1
google authenticator,-1,-1,-1,-1,-1,-1,-1,-1,-1,-1,-1,-1,-1,-1,-1,-1,-1,-1,-1,-1,-1,-1,-1,-1,-1,-1,-1,-1,-1,-1,133927,-1,-1,-1,133531,133431,133280,133179,-1,133056,-1,-1,132811,132775,-1,-1,-1,-1,-1
deul,-1,-1,-1,-1,-1,-1,-1,-1,-1,-1,24563,24483,-1,-1,23452,22930,22313,21859,21112,-1,-1,19007,18162,17266,16469,15989,-1,-1,13992,-1,11831,-1,-1,9299,-1,-1,-1,-1,-1,-1,-1,-1,6930,6726,-1,-1,-1,-1,-1
91 launcher- smooth,46333,-1,46067,45953,-1,-1,-1,-1,45262,45216,45042,44920,-1,-1,-1,-1,-1,-1,44456,-1,-1,-1,43992,43848,43649,43472,-1,-1,42975,-1,42714,42593,-1,42420,42228,42066,41875,41756,-1,41443,-1,-1,41000,40912,-1,-1,-1,-1,-1
z camera,195041,-1,194188,194030,-1,-1,-1,192803,192542,192378,192023,191825,-1,-1,191060,190813,190584,190393,190130,-1,-1,189360,189098,188726,188367,188028,-1,-1,186830,-1,186115,185826,-1,185267,184678,184237,183805,183520,-1,183002,-1,-1,182184,181942,-1,-1,-1,-1,-1
carousell,-1,-1,-1,-1,-1,-1,-1,-1,-1,-1,-1,-1,-1,-1,-1,-1,-1,-1,-1,-1,-1,-1,-1,-1,-1,-1,-1,-1,-1,-1,-1,-1,-1,-1,-1,45222,45116,45049,-1,-1,-1,-1,44680,44604,-1,-1,-1,-1,-1
pizza hut canada,-1,-1,-1,-1,-1,-1,-1,66,66,66,66,64,-1,-1,59,59,59,59,56,-1,-1,49,49,49,48,45,-1,-1,38,-1,34,32,-1,31,28,24,21,20,-1,17,-1,-1,14,13,-1,-1,-1,-1,-1
okcupid dating,225810,-1,225535,225362,-1,-1,-1,224695,224569,224475,224333,224208,-1,-1,-1,223766,223644,223528,223426,-1,-1,223073,222964,222810,222663,222524,-1,-1,222087,-1,-1,-1,-1,-1,-1,-1,-1,-1,-1,-1,-1,-1,-1,220237,-1,-1,-1,-1,-1
music downloader,-1,-1,-1,-1,-1,-1,-1,-1,-1,-1,-1,-1,-1,-1,-1,-1,-1,-1,-1,-1,-1,-1,-1,-1,-1,-1,-1,-1,-1,-1,2064,1907,-1,1666,1399,1266,1108,1045,-1,914,-1,-1,635,-1,-1,-1,-1,-1,-1
words crush,-1,-1,-1,-1,-1,-1,-1,-1,-1,-1,-1,-1,-1,-1,-1,-1,-1,-1,-1,-1,-1,-1,-1,-1,-1,-1,-1,-1,-1,-1,-1,-1,-1,-1,-1,29477,29063,28753,-1,28118,-1,-1,26480,-1,-1,-1,-1,-1,-1
brilliant,-1,-1,-1,-1,-1,-1,-1,-1,-1,-1,-1,-1,-1,-1,-1,-1,-1,-1,-1,-1,-1,-1,-1,-1,-1,-1,-1,-1,-1,-1,-1,-1,-1,-1,-1,-1,-1,-1,-1,-1,-1,-1,24089,-1,-1,-1,-1,-1,-1
escape mission 2016,92898,-1,90540,89773,-1,-1,-1,85236,-1,-1,-1,-1,-1,-1,80294,79763,79219,78597,77059,-1,-1,72679,71575,69950,68115,66654,-1,-1,-1,-1,-1,-1,-1,61104,59986,59245,56793,54723,-1,51809,-1,-1,45886,-1,-1,-1,-1,-1,-1
cooking dash 2016,-1,-1,-1,-1,-1,-1,-1,-1,-1,-1,-1,-1,-1,-1,-1,-1,-1,-1,-1,-1,-1,-1,-1,-1,-1,-1,-1,-1,-1,-1,-1,-1,-1,-1,-1,-1,-1,-1,-1,-1,-1,-1,293315,-1,-1,-1,-1,-1,-1
vip deluxe,-1,-1,-1,-1,-1,-1,-1,-1,-1,-1,-1,-1,-1,-1,-1,-1,-1,-1,-1,-1,-1,-1,-1,-1,-1,-1,-1,-1,-1,-1,4374,-1,-1,4032,3796,3634,3379,3191,-1,2672,-1,-1,1269,-1,-1,-1,-1,-1,-1
royal slots free slot machines,7079,-1,-1,-1,-1,-1,-1,5712,5541,5378,5164,5001,-1,-1,-1,-1,-1,-1,-1,-1,-1,-1,-1,-1,-1,-1,-1,-1,-1,-1,-1,-1,-1,-1,-1,-1,-1,-1,-1,-1,-1,-1,1407,-1,-1,-1,-1,-1,-1
fake call 2,335651,-1,332554,331059,-1,-1,-1,323822,321965,320546,-1,-1,-1,-1,-1,-1,-1,-1,-1,-1,-1,-1,-1,-1,-1,-1,-1,-1,-1,-1,-1,-1,-1,297583,296487,295366,294118,293278,-1,-1,-1,-1,288361,-1,-1,-1,-1,-1,-1
national bank application,-1,-1,-1,-1,-1,-1,-1,-1,-1,-1,-1,-1,-1,-1,2887,-1,-1,-1,-1,-1,-1,-1,-1,-1,-1,2873,-1,-1,2872,-1,2869,-1,-1,-1,2863,-1,-1,-1,-1,-1,-1,-1,2855,-1,-1,-1,-1,-1,-1
firefox browser fast & private,2459901,-1,2457096,2455328,-1,-1,-1,2449925,2448382,2447681,2446172,2444883,-1,-1,2441147,2439718,2438363,2437306,2435784,-1,-1,2432241,2431176,2429745,2428352,2427006,-1,-1,2422693,-1,2420256,2419169,-1,2417164,2415156,2413633,2411985,2410898,-1,2408529,-1,-1,-1,-1,-1,-1,-1,-1,-1
strawberry shortcake dreams,-1,-1,-1,-1,-1,-1,-1,-1,-1,-1,-1,-1,-1,-1,-1,-1,-1,-1,-1,-1,-1,-1,-1,-1,-1,-1,-1,-1,10751,-1,10188,-1,-1,9418,8776,8302,7609,6877,-1,5357,-1,-1,-1,-1,-1,-1,-1,-1,-1
bakery story,-1,-1,-1,-1,-1,-1,-1,-1,-1,-1,-1,-1,-1,-1,-1,-1,-1,-1,-1,-1,-1,-1,-1,-1,-1,-1,-1,-1,-1,-1,-1,-1,-1,-1,2222,-1,1691,1585,-1,1346,-1,-1,-1,-1,-1,-1,-1,-1,-1
my boo,-1,-1,-1,-1,-1,-1,-1,-1,-1,-1,-1,-1,-1,-1,-1,-1,-1,-1,-1,-1,-1,-1,-1,-1,-1,-1,-1,-1,659841,-1,658931,-1,-1,657647,656654,655758,654053,652734,-1,649851,-1,-1,-1,-1,-1,-1,-1,-1,-1
cooking mama let's cook,-1,-1,-1,-1,-1,-1,-1,-1,-1,-1,-1,-1,-1,-1,-1,-1,-1,-1,-1,-1,-1,-1,-1,-1,-1,-1,-1,-1,-1,-1,257090,-1,-1,255975,255011,254081,252926,251429,-1,248623,-1,-1,-1,-1,-1,-1,-1,-1,-1
vivino wine scanner,-1,-1,-1,-1,-1,-1,-1,-1,-1,-1,-1,-1,-1,-1,-1,70288,70233,70177,70086,-1,-1,69849,69774,69712,69608,69531,-1,-1,-1,-1,-1,-1,-1,-1,68855,68775,68665,68576,-1,68469,-1,-1,-1,-1,-1,-1,-1,-1,-1
rodeo stampede,153726,-1,150407,148222,-1,-1,-1,-1,-1,-1,-1,-1,-1,-1,-1,115861,112381,109514,106795,-1,-1,98564,95871,92808,89914,86981,-1,-1,74728,-1,65577,61408,-1,54510,46816,41208,31233,23865,-1,15136,-1,-1,-1,-1,-1,-1,-1,-1,-1
redungeon,-1,-1,-1,-1,-1,-1,-1,-1,-1,-1,-1,-1,-1,-1,-1,-1,-1,-1,-1,-1,-1,-1,-1,-1,-1,14095,-1,-1,12724,-1,11677,11217,-1,10546,9337,8366,6775,5534,-1,3773,-1,-1,-1,-1,-1,-1,-1,-1,-1
aliens vs. pinball,-1,-1,-1,-1,-1,-1,-1,-1,-1,-1,-1,-1,-1,-1,-1,-1,-1,-1,-1,-1,-1,-1,-1,-1,-1,-1,-1,-1,-1,-1,-1,-1,-1,-1,7187,7024,6746,6424,-1,5797,-1,-1,-1,-1,-1,-1,-1,-1,-1
baby twins,-1,-1,-1,-1,-1,-1,-1,-1,-1,-1,-1,-1,-1,-1,9492,-1,-1,-1,-1,-1,-1,-1,-1,-1,-1,-1,-1,-1,-1,-1,-1,-1,-1,5326,5013,4788,4105,3492,-1,2467,-1,-1,-1,-1,-1,-1,-1,-1,-1
king of thieves,-1,-1,-1,-1,-1,-1,-1,-1,-1,-1,-1,-1,-1,-1,-1,-1,-1,-1,-1,-1,-1,-1,-1,-1,-1,-1,-1,-1,727306,-1,725780,-1,-1,723670,721845,720289,714712,711803,-1,708362,-1,-1,-1,-1,-1,-1,-1,-1,-1
moba legends,-1,-1,-1,-1,-1,-1,-1,4595,4501,4434,4326,4243,-1,-1,3893,3521,2877,2603,2481,-1,-1,2211,2087,1936,1810,1663,-1,-1,1350,-1,1143,1051,-1,930,525,231,134,115,-1,93,-1,-1,-1,-1,-1,-1,-1,-1,-1
abc launcher- icontheme&fun,-1,-1,-1,-1,-1,-1,-1,-1,-1,-1,-1,-1,-1,-1,-1,-1,-1,-1,-1,-1,-1,-1,-1,-1,-1,-1,-1,-1,-1,-1,-1,-1,-1,-1,-1,-1,2640,2687,-1,2610,-1,-1,-1,-1,-1,-1,-1,-1,-1
big fish casinofree slots,-1,-1,-1,294325,-1,-1,-1,293839,293720,293593,293448,293325,-1,-1,292953,292828,292710,292573,292466,-1,-1,292107,292013,291857,291668,291514,-1,-1,290931,-1,290816,-1,-1,290571,290403,290281,290117,290010,-1,289791,-1,-1,-1,-1,-1,-1,-1,-1,-1
ninjawesome,-1,-1,-1,-1,-1,-1,-1,-1,-1,-1,-1,-1,-1,-1,-1,-1,-1,-1,-1,-1,-1,-1,-1,-1,-1,-1,-1,-1,-1,-1,-1,-1,-1,-1,14225,13660,12044,10299,-1,7524,-1,-1,-1,-1,-1,-1,-1,-1,-1
angry birds goal!,-1,-1,-1,-1,-1,-1,-1,-1,-1,-1,6554,6532,-1,-1,6404,6347,6281,6232,6157,-1,-1,5889,5814,5719,5632,5554,-1,-1,5272,-1,5012,4935,-1,4786,4631,4534,4434,4353,-1,4235,-1,-1,-1,-1,-1,-1,-1,-1,-1
alice in the mirrors of albion,-1,-1,-1,-1,-1,-1,-1,-1,-1,-1,-1,-1,-1,-1,-1,-1,-1,-1,-1,-1,-1,-1,-1,-1,-1,-1,-1,-1,-1,-1,-1,-1,-1,-1,196856,196258,194948,193483,-1,190944,-1,-1,-1,-1,-1,-1,-1,-1,-1
bbc news,-1,-1,-1,-1,-1,-1,-1,-1,-1,-1,-1,-1,-1,-1,204544,204333,204152,204008,203752,-1,-1,-1,-1,-1,-1,-1,-1,-1,-1,-1,-1,-1,-1,-1,-1,200245,200050,199870,-1,199520,-1,-1,-1,-1,-1,-1,-1,-1,-1
score! hero,-1,-1,-1,-1,-1,-1,-1,-1,-1,-1,-1,-1,-1,-1,-1,-1,-1,-1,-1,-1,-1,-1,-1,-1,-1,-1,-1,-1,2145388,-1,2129493,-1,-1,2109488,2096418,2086961,2076464,2067745,-1,2052048,-1,-1,-1,-1,-1,-1,-1,-1,-1
music.,-1,-1,-1,-1,-1,-1,-1,-1,-1,-1,-1,-1,-1,-1,-1,-1,-1,-1,-1,-1,-1,-1,-1,-1,-1,-1,-1,-1,-1,-1,-1,-1,-1,-1,-1,1084,986,936,-1,837,-1,-1,-1,-1,-1,-1,-1,-1,-1
maps.me offline map+navigation,549166,-1,547753,547020,-1,-1,-1,543312,542462,541985,540740,540012,-1,-1,536858,535836,535052,534447,533621,-1,-1,531362,530840,529952,529280,528605,-1,-1,526490,-1,525130,524538,-1,523701,522804,522117,521264,520811,-1,519390,-1,-1,-1,-1,-1,-1,-1,-1,-1
tidal,-1,-1,-1,-1,-1,-1,-1,-1,-1,-1,-1,-1,-1,-1,-1,-1,-1,-1,-1,-1,-1,-1,-1,-1,-1,-1,-1,-1,-1,-1,-1,-1,-1,-1,31996,31938,31845,31760,-1,31584,-1,-1,-1,-1,-1,-1,-1,-1,-1
vainglory,-1,-1,-1,-1,-1,-1,-1,-1,-1,-1,-1,-1,-1,-1,-1,-1,-1,-1,-1,-1,-1,-1,-1,-1,-1,-1,-1,-1,-1,-1,-1,-1,-1,-1,-1,287731,286229,284940,-1,282933,-1,-1,-1,-1,-1,-1,-1,-1,-1
pj masks,-1,-1,-1,-1,-1,-1,-1,-1,-1,-1,-1,-1,-1,-1,997,974,953,942,909,-1,-1,819,790,743,707,658,-1,-1,551,-1,485,-1,-1,414,352,287,243,221,-1,166,-1,-1,1209,1183,1154,1123,1087,-1,1033
boom boom soccer,-1,-1,-1,-1,-1,-1,-1,-1,-1,-1,-1,-1,-1,-1,-1,-1,-1,-1,-1,-1,-1,-1,-1,-1,-1,-1,-1,-1,-1,-1,-1,-1,-1,-1,-1,9785,9089,7961,-1,5531,-1,-1,-1,-1,-1,-1,-1,-1,-1
the blacklist,-1,-1,-1,-1,-1,-1,-1,-1,-1,-1,-1,-1,-1,-1,-1,-1,-1,-1,-1,-1,-1,20092,19515,18397,17343,16281,-1,-1,-1,-1,-1,-1,-1,-1,9205,8586,7554,6497,-1,4526,-1,-1,-1,-1,-1,-1,-1,-1,-1
switch the box,-1,-1,-1,-1,-1,-1,-1,-1,-1,-1,-1,-1,-1,-1,-1,-1,-1,-1,-1,-1,-1,-1,-1,-1,-1,-1,-1,-1,-1,-1,-1,-1,-1,-1,12242,11640,10352,8538,-1,5991,-1,-1,-1,-1,-1,-1,-1,-1,-1
kika keyboard,-1,-1,-1,-1,-1,-1,-1,-1,-1,-1,-1,-1,-1,-1,-1,-1,-1,-1,-1,-1,-1,1224747,1222079,1218903,1215725,1212152,-1,-1,1202094,-1,1195611,1192685,-1,1187922,1183156,1180336,1175871,1172800,-1,1167916,-1,-1,-1,-1,-1,-1,-1,-1,-1
online head ball,-1,-1,-1,-1,-1,-1,-1,-1,-1,-1,-1,-1,-1,-1,-1,-1,-1,-1,-1,-1,-1,-1,-1,-1,-1,-1,-1,-1,-1,-1,-1,-1,-1,-1,-1,496148,485988,477484,-1,463197,-1,-1,-1,-1,-1,-1,-1,-1,-1
my little pony,-1,-1,-1,-1,-1,-1,-1,-1,-1,-1,-1,-1,-1,-1,-1,-1,-1,-1,-1,-1,-1,-1,-1,-1,-1,-1,-1,-1,-1,-1,5263,-1,-1,5231,5190,5163,5131,5113,-1,5081,-1,-1,-1,-1,-1,-1,-1,-1,-1
transformers rescue bots,-1,-1,-1,-1,-1,-1,-1,-1,-1,-1,-1,-1,-1,-1,-1,-1,-1,-1,-1,-1,-1,-1,-1,-1,-1,-1,-1,-1,-1,-1,-1,-1,-1,-1,7960,7861,7667,7466,-1,7054,-1,-1,-1,-1,-1,-1,-1,-1,-1
go battery saver&power widget,-1,-1,-1,-1,-1,-1,-1,-1,-1,-1,277007,276846,-1,-1,276333,276140,275935,275786,275598,-1,-1,274939,274736,274487,274280,274082,-1,-1,273518,-1,273097,272900,-1,272520,272192,271971,271729,271608,-1,271278,-1,-1,-1,-1,-1,-1,-1,-1,-1
mahjong treasure quest,-1,-1,-1,-1,-1,-1,-1,-1,-1,-1,-1,-1,-1,-1,-1,-1,-1,-1,-1,-1,-1,-1,-1,-1,-1,22229,-1,-1,20996,-1,19521,-1,-1,17416,16029,15381,14419,13950,-1,13112,-1,-1,-1,-1,-1,-1,-1,-1,-1
city island 4,-1,-1,-1,-1,-1,-1,-1,-1,-1,-1,-1,-1,-1,-1,-1,-1,-1,-1,-1,-1,-1,-1,-1,-1,-1,-1,-1,-1,-1,-1,-1,-1,-1,-1,-1,1652,1509,1397,-1,1190,-1,-1,-1,-1,-1,-1,-1,-1,-1
xe currency,-1,-1,-1,-1,-1,-1,-1,-1,-1,-1,-1,-1,-1,-1,-1,-1,-1,-1,-1,-1,-1,-1,-1,-1,-1,-1,-1,-1,-1,-1,-1,-1,-1,-1,-1,-1,-1,64390,-1,64329,-1,-1,-1,-1,-1,-1,-1,-1,-1
real racing 3,-1,-1,-1,-1,-1,-1,-1,-1,-1,-1,-1,-1,-1,-1,257054,256912,256764,256624,256489,-1,-1,256057,255899,255699,255522,255353,-1,-1,254818,-1,254521,-1,-1,254137,253854,253659,253451,253234,-1,252852,-1,-1,-1,-1,-1,-1,-1,-1,-1
global go,3265,-1,3260,-1,-1,-1,-1,-1,3253,3252,3249,3247,-1,-1,-1,-1,-1,-1,-1,-1,-1,-1,-1,-1,-1,-1,-1,-1,3214,-1,3210,-1,-1,3207,3205,3202,3200,3195,-1,3180,-1,-1,-1,-1,-1,-1,-1,-1,-1
good morning alarm clock,-1,-1,-1,-1,-1,-1,-1,-1,-1,-1,-1,-1,-1,-1,-1,-1,-1,-1,-1,-1,-1,-1,-1,-1,-1,-1,-1,-1,-1,-1,-1,-1,-1,-1,-1,1145,1013,904,-1,622,-1,-1,-1,-1,-1,-1,-1,-1,-1
memrise learn languages free,-1,-1,-1,-1,-1,-1,-1,-1,-1,-1,-1,-1,-1,-1,-1,-1,-1,-1,-1,-1,-1,-1,-1,-1,-1,-1,-1,-1,326296,-1,323892,-1,-1,321120,319449,318193,316450,315229,-1,313090,-1,-1,-1,-1,-1,-1,-1,-1,-1
saskatchewan emergency alert,-1,-1,-1,-1,-1,-1,-1,-1,-1,-1,-1,-1,-1,-1,-1,-1,-1,-1,-1,-1,-1,-1,73,72,67,64,-1,-1,60,-1,56,52,-1,44,37,33,27,22,-1,-1,-1,-1,-1,-1,-1,-1,-1,-1,-1
crazy cars chase,-1,-1,-1,-1,-1,-1,-1,-1,-1,-1,-1,-1,-1,-1,-1,-1,-1,-1,-1,-1,-1,-1,-1,-1,-1,-1,-1,-1,-1,-1,-1,-1,-1,-1,9260,8952,8077,7085,-1,-1,-1,-1,-1,-1,-1,-1,-1,-1,-1
bbc media player,-1,-1,-1,-1,-1,-1,-1,-1,-1,-1,-1,-1,-1,-1,-1,-1,-1,-1,-1,-1,-1,-1,-1,-1,-1,-1,-1,-1,-1,-1,-1,-1,-1,-1,-1,77472,77427,77400,-1,-1,-1,-1,-1,-1,-1,-1,-1,-1,-1
diggy's adventure,-1,-1,-1,-1,-1,-1,-1,-1,-1,-1,-1,-1,-1,-1,-1,-1,-1,-1,-1,-1,-1,-1,-1,-1,-1,-1,-1,-1,-1,-1,-1,-1,-1,553,546,543,535,529,-1,-1,-1,-1,-1,-1,-1,-1,-1,-1,-1
quickthoughts,-1,-1,-1,-1,-1,-1,-1,-1,-1,-1,-1,-1,-1,-1,-1,-1,-1,-1,-1,-1,-1,-1,-1,-1,-1,-1,-1,-1,-1,-1,-1,-1,-1,-1,-1,-1,28281,28216,-1,-1,-1,-1,-1,-1,-1,-1,-1,-1,-1
soda world,-1,-1,-1,-1,-1,-1,-1,-1,-1,-1,-1,-1,-1,-1,-1,-1,-1,-1,-1,-1,-1,-1,-1,-1,-1,-1,-1,-1,-1,-1,-1,-1,-1,-1,9904,9249,7995,6662,-1,-1,-1,-1,-1,-1,-1,-1,-1,-1,-1
hitwemeet people and chat,77003,-1,76136,75675,-1,-1,-1,-1,72953,72602,72078,71496,-1,-1,-1,-1,-1,-1,-1,-1,-1,-1,-1,-1,-1,-1,-1,-1,-1,-1,-1,-1,-1,-1,-1,58788,58027,57446,-1,-1,-1,-1,-1,-1,-1,-1,-1,-1,-1
yellow,-1,-1,-1,-1,-1,-1,-1,-1,-1,-1,-1,-1,-1,-1,-1,-1,-1,-1,-1,-1,-1,-1,-1,-1,-1,-1,-1,-1,-1,-1,-1,-1,-1,-1,-1,-1,-1,3080,-1,-1,-1,-1,-1,-1,-1,-1,-1,-1,-1
xperia uncharted 4 theme,-1,-1,-1,-1,-1,-1,-1,-1,-1,-1,-1,-1,-1,-1,-1,-1,-1,-1,-1,-1,-1,-1,-1,-1,-1,-1,-1,-1,-1,-1,-1,-1,-1,-1,-1,-1,-1,3555,-1,-1,-1,-1,-1,-1,-1,-1,-1,-1,-1
farm heroes super saga,340110,-1,329915,324729,-1,-1,-1,298291,290852,285328,276468,268335,-1,-1,241403,231700,221197,212987,200926,-1,-1,171834,165611,156589,149849,144576,-1,-1,127439,-1,112424,104521,-1,93409,80959,72170,61696,-1,-1,-1,-1,-1,-1,-1,-1,-1,-1,-1,-1
mint,-1,-1,-1,-1,-1,-1,-1,-1,-1,-1,-1,-1,-1,-1,-1,-1,-1,-1,-1,-1,-1,-1,-1,-1,-1,-1,-1,-1,-1,-1,-1,-1,-1,-1,-1,115824,115769,-1,-1,-1,-1,-1,-1,-1,-1,-1,-1,-1,-1
coin dozer,-1,-1,-1,-1,-1,-1,-1,25172,-1,-1,24562,24372,-1,-1,23637,23455,23210,-1,-1,-1,-1,-1,-1,-1,-1,-1,-1,-1,-1,-1,19963,-1,-1,-1,18926,18719,18378,-1,-1,-1,-1,-1,-1,-1,-1,-1,-1,-1,-1
abc launcher-boostfast&,-1,-1,-1,-1,-1,-1,-1,-1,-1,-1,-1,-1,-1,-1,-1,-1,-1,-1,-1,-1,-1,-1,-1,-1,-1,-1,-1,-1,-1,-1,-1,-1,-1,3012,2932,2862,-1,-1,-1,-1,-1,-1,-1,-1,-1,-1,-1,-1,-1
risk,-1,-1,-1,-1,-1,-1,-1,-1,17324,17288,17224,17162,-1,-1,16927,16858,16793,16714,16620,-1,-1,16341,16262,16133,16008,15887,-1,-1,15412,-1,15036,14877,-1,14769,14568,14395,-1,-1,-1,-1,-1,-1,-1,-1,-1,-1,-1,-1,-1
trivia crack quiz,-1,-1,-1,-1,-1,-1,-1,-1,-1,-1,-1,-1,-1,-1,-1,-1,-1,-1,-1,-1,-1,-1,-1,-1,-1,-1,-1,-1,-1,-1,-1,-1,-1,5547093,5544226,5542388,-1,-1,-1,-1,-1,-1,-1,-1,-1,-1,-1,-1,-1
gordon ramsay dash,111023,-1,109498,108934,-1,-1,-1,105165,103983,102784,100971,99676,-1,-1,93857,91788,89549,87583,84466,-1,-1,76814,73262,69243,64809,59981,-1,-1,44668,-1,36081,32387,-1,25182,16786,-1,-1,-1,-1,-1,-1,-1,-1,-1,-1,-1,-1,-1,-1
final fantasybrave exvius,338321,-1,334409,332023,-1,-1,-1,318383,314952,313430,307917,304574,-1,-1,291577,287516,283308,280679,274992,-1,-1,255774,251070,243790,236397,228349,-1,-1,192753,-1,161649,143804,-1,112547,77695,-1,-1,-1,-1,-1,-1,-1,-1,-1,-1,-1,-1,-1,-1
csr racing 2,484602,-1,473371,468212,-1,-1,-1,436319,428687,422593,414008,406032,-1,-1,378183,366753,360481,354966,346440,-1,-1,321302,311992,301435,289886,277218,-1,-1,228933,-1,186011,164410,-1,137245,105360,-1,-1,-1,-1,-1,-1,-1,-1,-1,-1,-1,-1,-1,-1
kingdoms mobile,-1,-1,-1,-1,-1,-1,-1,-1,-1,-1,-1,-1,-1,-1,-1,-1,-1,-1,-1,-1,-1,-1,-1,8817,8001,7047,-1,-1,5531,-1,4336,3683,-1,3026,2194,-1,-1,-1,-1,-1,-1,-1,-1,-1,-1,-1,-1,-1,-1
farmville,5424,-1,5195,5171,-1,-1,-1,5001,4960,4939,4905,4881,-1,-1,4721,4670,4597,4536,4463,-1,-1,4262,4189,4110,4038,3951,-1,-1,3648,-1,3284,3233,-1,3192,3132,-1,-1,-1,-1,-1,-1,-1,-1,-1,-1,-1,-1,-1,-1
speechjammer,-1,-1,-1,-1,-1,-1,-1,-1,-1,-1,-1,-1,-1,-1,-1,-1,-1,-1,-1,-1,-1,-1,-1,-1,-1,-1,-1,-1,-1,-1,-1,-1,-1,-1,26941,-1,-1,-1,-1,-1,-1,-1,-1,-1,-1,-1,-1,-1,-1
pyramid solitaire by storm8,-1,-1,-1,-1,-1,-1,-1,-1,-1,-1,-1,-1,-1,-1,-1,-1,-1,-1,-1,-1,-1,-1,-1,-1,-1,-1,-1,-1,36,-1,34,-1,-1,25,19,-1,-1,-1,-1,-1,-1,-1,-1,-1,-1,-1,-1,-1,-1
vlc for android beta,-1,-1,-1,-1,-1,-1,-1,-1,-1,-1,-1,-1,-1,-1,-1,-1,-1,-1,-1,-1,-1,-1,-1,-1,-1,-1,-1,-1,-1,-1,-1,-1,-1,-1,811933,-1,-1,-1,-1,-1,-1,-1,-1,-1,-1,-1,-1,-1,-1
faily brakes,54112,-1,53473,53053,-1,-1,-1,-1,-1,-1,-1,-1,-1,-1,-1,49043,48875,48779,48642,-1,-1,48281,48148,47944,47751,47527,-1,-1,46816,-1,46421,-1,-1,45992,45662,-1,-1,-1,-1,-1,-1,-1,-1,-1,-1,-1,-1,-1,-1
flight pilot simulator 3d free,-1,-1,-1,-1,-1,-1,-1,-1,-1,-1,-1,-1,-1,-1,1083558,1081455,1079418,1077722,1075245,-1,-1,1068348,1066384,1064248,1062117,1060035,-1,-1,1052494,-1,1048130,-1,-1,1043194,1039830,-1,-1,-1,-1,-1,-1,-1,-1,-1,-1,-1,-1,-1,-1
kuku kube,-1,-1,-1,-1,-1,-1,-1,-1,-1,-1,-1,-1,-1,-1,-1,-1,-1,-1,-1,-1,-1,-1,-1,-1,-1,-1,-1,-1,-1,-1,-1,-1,-1,-1,1150,-1,-1,-1,-1,-1,-1,-1,-1,-1,-1,-1,-1,-1,-1
alcohol factory simulator,-1,-1,-1,-1,-1,-1,-1,-1,-1,-1,17145,17005,-1,-1,15472,-1,-1,-1,-1,-1,-1,-1,-1,-1,-1,-1,-1,-1,-1,-1,-1,-1,-1,-1,6818,-1,-1,-1,-1,-1,-1,-1,-1,-1,-1,-1,-1,-1,-1
zigzag,830380,-1,829628,829275,-1,-1,-1,827445,826940,826551,826008,825472,-1,-1,-1,-1,-1,822506,-1,-1,-1,-1,-1,-1,-1,-1,-1,-1,-1,-1,-1,-1,-1,-1,815566,-1,-1,-1,-1,-1,-1,-1,-1,-1,-1,-1,-1,-1,-1
digital dreams,-1,-1,-1,-1,-1,-1,-1,-1,-1,-1,-1,-1,-1,-1,-1,-1,-1,-1,-1,-1,-1,-1,-1,-1,-1,-1,-1,-1,-1,-1,56,-1,-1,52,50,-1,-1,-1,-1,-1,-1,-1,-1,-1,-1,-1,-1,-1,-1
archery master 3d,-1,-1,-1,-1,-1,-1,-1,-1,-1,-1,-1,-1,-1,-1,-1,-1,-1,-1,600673,-1,-1,-1,-1,-1,-1,-1,-1,-1,593124,-1,-1,-1,-1,-1,589308,-1,-1,-1,-1,-1,-1,-1,-1,-1,-1,-1,-1,-1,-1
five nights at freddy's 3 demo,-1,-1,-1,-1,-1,-1,-1,-1,-1,-1,-1,-1,-1,-1,-1,-1,-1,-1,-1,-1,-1,-1,-1,-1,-1,-1,-1,-1,762831,-1,761765,-1,-1,760514,759605,-1,-1,-1,-1,-1,-1,-1,-1,-1,-1,-1,-1,-1,-1
lego city my city 2,-1,-1,-1,-1,-1,-1,-1,40236,39897,39608,39157,38724,-1,-1,36458,35431,34324,33483,32348,-1,-1,28251,26877,24261,22264,20286,-1,-1,13246,-1,9593,7948,-1,5129,-1,-1,-1,-1,-1,-1,-1,-1,-1,-1,-1,-1,-1,-1,-1
monopoly bingo!,-1,-1,-1,-1,-1,-1,-1,-1,-1,-1,-1,-1,-1,-1,-1,-1,-1,-1,-1,-1,-1,-1,-1,-1,-1,2746,-1,-1,2208,-1,1787,1574,-1,1147,-1,-1,-1,-1,-1,-1,-1,-1,-1,-1,-1,-1,-1,-1,-1
norton wifi privacy secure vpn,-1,-1,-1,-1,-1,-1,-1,-1,-1,-1,-1,-1,-1,-1,-1,2584,2544,-1,2479,-1,-1,2383,2349,2307,2268,2218,-1,-1,2083,-1,1977,1925,-1,1827,-1,-1,-1,-1,-1,-1,-1,-1,-1,-1,-1,-1,-1,-1,-1
zombie catchers,-1,-1,-1,-1,-1,-1,-1,-1,-1,-1,-1,-1,-1,-1,-1,-1,-1,-1,-1,-1,-1,-1,-1,-1,-1,189318,-1,-1,182237,-1,174630,170422,-1,164845,-1,-1,-1,-1,-1,-1,-1,-1,-1,-1,-1,-1,-1,-1,-1
fvded in the park,-1,-1,-1,-1,-1,-1,-1,-1,-1,-1,-1,-1,-1,-1,-1,-1,-1,-1,-1,-1,-1,-1,-1,-1,-1,-1,-1,-1,-1,-1,-1,-1,-1,25,-1,-1,-1,-1,-1,-1,-1,-1,-1,-1,-1,-1,-1,-1,-1
zombie age 2,-1,-1,-1,-1,-1,-1,-1,-1,-1,-1,-1,-1,-1,-1,-1,-1,-1,-1,-1,-1,-1,-1,-1,-1,-1,-1,-1,-1,509154,-1,504932,-1,-1,497920,-1,-1,-1,-1,-1,-1,-1,-1,-1,-1,-1,-1,-1,-1,-1
toruk,-1,-1,-1,-1,-1,-1,-1,-1,-1,-1,-1,-1,-1,-1,-1,-1,-1,-1,-1,-1,-1,-1,-1,-1,-1,-1,-1,-1,-1,-1,-1,-1,-1,134,-1,-1,-1,-1,-1,-1,-1,-1,-1,-1,-1,-1,-1,-1,-1
frozen free fall,-1,-1,-1,-1,-1,-1,-1,-1,-1,-1,-1,-1,-1,-1,-1,-1,-1,-1,-1,-1,-1,-1,-1,-1,-1,-1,-1,-1,1378962,-1,1377356,-1,-1,1375190,-1,-1,-1,-1,-1,-1,-1,-1,-1,-1,-1,-1,-1,-1,-1
pop! slotsslots free casino,-1,-1,-1,-1,-1,-1,-1,-1,-1,-1,-1,-1,-1,-1,-1,-1,-1,-1,-1,-1,-1,-1,-1,-1,-1,-1,-1,-1,1151,-1,1129,-1,-1,1098,-1,-1,-1,-1,-1,-1,-1,-1,-1,-1,-1,-1,-1,-1,-1
jackpot city slots,-1,-1,-1,-1,-1,-1,-1,-1,-1,-1,-1,-1,-1,-1,-1,-1,-1,-1,-1,-1,-1,-1,-1,-1,-1,-1,-1,-1,136,-1,115,-1,-1,86,-1,-1,-1,-1,-1,-1,-1,-1,-1,-1,-1,-1,-1,-1,-1
brave diggers,-1,-1,-1,-1,-1,-1,-1,-1,-1,-1,-1,-1,-1,-1,-1,-1,-1,-1,-1,-1,-1,-1,-1,-1,-1,-1,-1,-1,7426,-1,6612,-1,-1,5035,-1,-1,-1,-1,-1,-1,-1,-1,-1,-1,-1,-1,-1,-1,-1
jurassic world,-1,-1,-1,-1,-1,-1,-1,-1,651466,651212,650552,650171,-1,-1,648477,647874,647298,646814,646074,-1,-1,644076,643638,642782,642170,641533,-1,-1,639313,-1,638232,-1,-1,635930,-1,-1,-1,-1,-1,-1,-1,-1,-1,-1,-1,-1,-1,-1,-1
radio fm canada,2538,-1,2529,2530,-1,-1,-1,2512,2503,2496,2484,2478,-1,-1,-1,-1,-1,-1,-1,-1,-1,-1,-1,-1,-1,-1,-1,-1,2381,-1,-1,-1,-1,433,-1,-1,-1,-1,-1,-1,-1,-1,-1,-1,-1,-1,2306,-1,-1
trio,-1,-1,-1,-1,-1,-1,-1,-1,-1,-1,-1,-1,-1,-1,2644,2562,2469,2390,2283,-1,-1,1973,1874,1740,1606,1479,-1,-1,1069,-1,849,-1,-1,537,-1,-1,-1,-1,-1,-1,-1,-1,-1,-1,-1,-1,-1,-1,-1
tour de france 2016 by koda,-1,-1,-1,-1,-1,-1,-1,-1,-1,-1,-1,-1,-1,-1,-1,-1,-1,-1,-1,-1,-1,-1,-1,-1,-1,-1,-1,-1,10457,-1,10243,-1,-1,9935,-1,-1,-1,-1,-1,-1,-1,-1,-1,-1,-1,-1,-1,-1,-1
bubble level,46080,-1,45536,45221,-1,-1,-1,44013,-1,-1,-1,-1,-1,-1,-1,-1,-1,-1,-1,-1,-1,-1,-1,-1,39799,39530,-1,-1,38794,-1,38284,-1,-1,37650,-1,-1,-1,-1,-1,-1,-1,-1,-1,-1,-1,-1,-1,-1,-1
geocaching,31806,-1,31664,31544,-1,-1,-1,30954,30849,30768,30591,30497,-1,-1,30065,29953,29821,29711,29532,-1,-1,28853,28682,28479,28223,28052,-1,-1,27279,-1,26833,-1,-1,26600,-1,-1,-1,-1,-1,-1,-1,-1,-1,-1,-1,-1,-1,-1,-1
napster,-1,-1,-1,-1,-1,-1,-1,-1,-1,-1,-1,-1,-1,-1,51270,51185,51118,51064,50992,-1,-1,50790,50753,50663,50590,50531,-1,-1,50304,-1,50192,-1,-1,50014,-1,-1,-1,-1,-1,-1,-1,-1,-1,-1,-1,-1,-1,-1,-1
hidden citymystery,85069,-1,-1,-1,-1,-1,-1,-1,-1,-1,-1,-1,-1,-1,-1,-1,-1,-1,-1,-1,-1,-1,-1,75115,74595,74242,-1,-1,72799,-1,71984,-1,-1,71010,-1,-1,-1,-1,-1,-1,-1,-1,-1,-1,-1,-1,-1,-1,-1
the championships,-1,-1,-1,-1,-1,-1,-1,-1,-1,-1,-1,-1,-1,-1,-1,-1,-1,-1,-1,-1,-1,-1,-1,-1,-1,-1,-1,-1,-1,-1,-1,-1,-1,17305,-1,-1,-1,-1,-1,-1,-1,-1,-1,-1,-1,-1,-1,-1,-1
rds go,-1,-1,-1,-1,-1,-1,-1,-1,-1,-1,-1,-1,-1,-1,-1,-1,-1,-1,-1,-1,-1,-1,-1,-1,-1,-1,-1,-1,-1,-1,-1,-1,-1,5049,-1,-1,-1,-1,-1,-1,-1,-1,-1,-1,-1,-1,-1,-1,-1
gps navigation & maps sygic,1005889,-1,1004327,1003524,-1,-1,-1,1000156,999324,998662,997567,996751,-1,-1,994190,993232,992345,991663,990673,-1,-1,-1,-1,-1,-1,-1,-1,-1,-1,-1,-1,-1,-1,976880,-1,-1,-1,-1,-1,-1,-1,-1,-1,-1,-1,-1,-1,-1,-1
rabbids heroes,-1,-1,-1,-1,-1,-1,-1,-1,-1,-1,-1,-1,-1,-1,-1,-1,-1,-1,-1,-1,-1,-1,-1,-1,-1,-1,-1,-1,-1,-1,103,-1,-1,93,-1,-1,-1,-1,-1,-1,-1,-1,-1,-1,-1,-1,-1,-1,-1
what if..,-1,-1,-1,-1,-1,-1,-1,-1,-1,-1,-1,-1,-1,-1,-1,-1,-1,-1,-1,-1,-1,-1,-1,-1,-1,-1,-1,-1,547565,-1,546418,-1,-1,544707,-1,-1,-1,-1,-1,-1,-1,-1,-1,-1,-1,-1,-1,-1,-1
lumosity,160703,-1,160590,160526,-1,-1,-1,160294,160228,160197,160131,160070,-1,-1,-1,-1,-1,-1,-1,-1,-1,159350,159293,159206,159143,159062,-1,-1,158794,-1,158665,-1,-1,158476,-1,-1,-1,-1,-1,-1,-1,-1,-1,-1,-1,-1,-1,-1,-1
abc launcher,-1,-1,-1,-1,-1,-1,-1,-1,-1,-1,-1,-1,-1,-1,-1,-1,-1,-1,-1,-1,-1,-1,-1,-1,-1,-1,-1,-1,3138,-1,3090,-1,-1,-1,-1,-1,-1,-1,-1,-1,-1,-1,-1,-1,-1,-1,-1,-1,-1
pocket tower,-1,-1,-1,-1,-1,-1,-1,-1,-1,-1,-1,-1,-1,-1,-1,-1,-1,-1,-1,-1,-1,6754,6175,6039,5902,5753,-1,-1,5204,-1,4703,-1,-1,-1,-1,-1,-1,-1,-1,-1,-1,-1,-1,-1,-1,-1,-1,-1,-1
slotomania slots free casino,897990,-1,896927,896373,-1,-1,-1,894229,893818,893420,892858,892335,-1,-1,890302,889616,889036,888476,887748,-1,-1,885951,885490,884871,884156,883454,-1,-1,880833,-1,879688,-1,-1,-1,-1,-1,-1,-1,-1,-1,-1,-1,-1,-1,-1,-1,-1,-1,-1
dragon ball z dokkan battle,-1,-1,-1,-1,-1,-1,-1,-1,-1,-1,-1,-1,-1,-1,-1,-1,-1,274448,272097,-1,-1,269916,269199,268439,267675,266898,-1,-1,264225,-1,263152,-1,-1,-1,-1,-1,-1,-1,-1,-1,-1,-1,-1,-1,-1,-1,-1,-1,-1
unkilled,-1,-1,-1,-1,-1,-1,-1,-1,-1,-1,-1,-1,-1,-1,-1,-1,-1,-1,-1,-1,-1,-1,-1,-1,-1,-1,-1,-1,257716,-1,254406,-1,-1,-1,-1,-1,-1,-1,-1,-1,-1,-1,-1,-1,-1,-1,-1,-1,-1
blendoku 2,-1,-1,-1,-1,-1,-1,-1,-1,-1,-1,-1,-1,-1,-1,-1,-1,-1,-1,-1,-1,-1,-1,-1,-1,-1,-1,-1,-1,46150,-1,44586,-1,-1,-1,-1,-1,-1,-1,-1,-1,-1,-1,-1,-1,-1,-1,-1,-1,-1
superb cleaner,666240,-1,661499,659382,-1,-1,-1,646332,643215,640829,637484,635074,-1,-1,627033,624336,621576,619402,616497,-1,-1,608740,606372,603423,600298,597084,-1,-1,588212,-1,583497,-1,-1,-1,-1,-1,-1,-1,-1,-1,-1,-1,-1,-1,-1,-1,-1,-1,-1
fifa 15 football ultimate team,-1,-1,-1,-1,-1,-1,-1,-1,-1,-1,-1,-1,-1,-1,-1,-1,-1,-1,-1,-1,-1,-1,-1,-1,-1,-1,-1,-1,-1,-1,5814667,-1,-1,-1,-1,-1,-1,-1,-1,-1,-1,-1,-1,-1,-1,-1,-1,-1,-1
amateur surgeon 4,-1,-1,-1,-1,-1,-1,-1,-1,-1,-1,-1,-1,-1,-1,-1,-1,-1,-1,-1,-1,-1,-1,-1,-1,-1,-1,-1,-1,538,-1,418,-1,-1,-1,-1,-1,-1,-1,-1,-1,-1,-1,-1,-1,-1,-1,-1,-1,-1
can you dab?,-1,-1,-1,-1,-1,-1,-1,-1,-1,-1,-1,-1,-1,-1,-1,-1,-1,-1,-1,-1,-1,-1,-1,-1,-1,-1,-1,-1,-1,-1,1178,-1,-1,-1,-1,-1,-1,-1,-1,-1,-1,-1,-1,-1,-1,-1,-1,-1,-1
spider solitaire,-1,-1,-1,-1,-1,-1,-1,-1,-1,-1,-1,-1,-1,-1,-1,-1,-1,-1,-1,-1,-1,-1,-1,-1,-1,-1,-1,-1,2943,-1,2343,-1,-1,-1,-1,-1,-1,-1,-1,-1,-1,-1,-1,-1,-1,-1,-1,-1,-1
alberta emergency alert,-1,-1,-1,-1,-1,-1,-1,-1,-1,-1,-1,-1,-1,-1,-1,-1,-1,-1,-1,-1,-1,-1,-1,-1,-1,-1,-1,-1,-1,-1,401,-1,-1,-1,-1,-1,-1,-1,-1,-1,-1,-1,-1,-1,-1,-1,-1,-1,-1
sonic dash 2,-1,-1,-1,-1,-1,-1,-1,-1,-1,-1,188047,187700,-1,-1,185870,185224,184601,184163,183549,-1,-1,181863,181283,180621,180061,-1,-1,-1,177837,-1,176895,-1,-1,-1,-1,-1,-1,-1,-1,-1,-1,-1,-1,-1,-1,-1,-1,-1,-1
maiden,-1,-1,-1,-1,-1,-1,-1,-1,-1,-1,-1,-1,-1,-1,-1,-1,-1,-1,-1,-1,-1,-1,-1,-1,14042,13221,-1,-1,9375,-1,-1,-1,-1,-1,-1,-1,-1,-1,-1,-1,-1,-1,-1,-1,-1,-1,-1,-1,-1
cat evolution,-1,-1,-1,-1,-1,-1,-1,-1,-1,-1,17185,16932,-1,-1,15490,14833,14012,13455,12536,-1,-1,10117,9336,8567,7836,7135,-1,-1,4790,-1,-1,-1,-1,-1,-1,-1,-1,-1,-1,-1,-1,-1,-1,-1,-1,-1,-1,-1,-1
jelly blast,-1,-1,-1,-1,-1,-1,-1,-1,-1,-1,-1,-1,-1,-1,-1,-1,-1,-1,-1,-1,-1,-1,-1,-1,-1,-1,-1,-1,627940,-1,-1,-1,-1,-1,-1,-1,-1,-1,-1,-1,-1,-1,-1,-1,-1,-1,-1,-1,-1
battle camp,-1,-1,-1,-1,-1,-1,-1,-1,-1,-1,-1,-1,-1,-1,-1,-1,-1,-1,-1,-1,-1,-1,-1,-1,-1,-1,-1,-1,477142,-1,-1,-1,-1,-1,-1,-1,-1,-1,-1,-1,-1,-1,-1,-1,-1,-1,-1,-1,-1
village life,-1,-1,-1,-1,-1,-1,-1,-1,-1,-1,-1,-1,-1,-1,-1,-1,-1,-1,-1,-1,-1,-1,-1,-1,-1,-1,-1,-1,335888,-1,-1,-1,-1,-1,-1,-1,-1,-1,-1,-1,-1,-1,-1,-1,-1,-1,-1,-1,-1
dream city,-1,-1,-1,-1,-1,-1,-1,-1,-1,-1,-1,-1,-1,-1,-1,24627,24263,23887,23289,-1,-1,20944,19786,16603,14143,11749,-1,-1,-1,-1,-1,-1,-1,-1,-1,-1,-1,-1,-1,-1,-1,-1,-1,-1,-1,-1,-1,-1,-1
hit,127984,-1,126142,124979,-1,-1,-1,118676,116546,115397,111611,108073,-1,-1,101140,98557,95696,93168,89490,-1,-1,76491,70606,62304,52691,43777,-1,-1,-1,-1,-1,-1,-1,-1,-1,-1,-1,-1,-1,-1,-1,-1,-1,-1,-1,-1,-1,-1,-1
super stickman golf 3,-1,-1,-1,-1,-1,-1,-1,-1,9920,9842,9732,9643,-1,-1,9204,9067,8908,8767,8511,-1,-1,7891,7271,6119,5151,4077,-1,-1,-1,-1,-1,-1,-1,-1,-1,-1,-1,-1,-1,-1,-1,-1,-1,-1,-1,-1,-1,-1,-1
fake location spoofer free,-1,-1,-1,-1,-1,-1,-1,-1,-1,-1,-1,-1,-1,-1,-1,-1,-1,-1,-1,-1,-1,-1,-1,20127,19627,19260,-1,-1,-1,-1,-1,-1,-1,-1,-1,-1,-1,-1,-1,-1,-1,-1,-1,-1,-1,-1,-1,-1,-1
empirerome,-1,-1,-1,-1,-1,-1,-1,-1,-1,-1,-1,-1,-1,-1,-1,-1,-1,-1,-1,-1,-1,111465,111451,111428,111402,111387,-1,-1,-1,-1,-1,-1,-1,-1,-1,-1,-1,-1,-1,-1,-1,-1,-1,-1,-1,-1,-1,-1,-1
turbo cleaner,358323,-1,350938,347014,-1,-1,-1,328333,323122,320860,314176,310028,-1,-1,294645,289202,283967,279032,272094,-1,-1,252004,245667,237039,228149,220131,-1,-1,-1,-1,-1,-1,-1,-1,-1,-1,-1,-1,-1,-1,-1,-1,-1,-1,-1,-1,-1,-1,-1
make7! hexa puzzle,-1,-1,-1,-1,-1,-1,-1,-1,-1,-1,21592,21349,-1,-1,20120,19357,18171,17335,15959,-1,-1,12330,11661,11475,11254,11003,-1,-1,-1,-1,-1,-1,-1,-1,-1,-1,-1,-1,-1,-1,-1,-1,-1,-1,-1,-1,-1,-1,-1
letgo,283001,-1,280848,279538,-1,-1,-1,274263,272951,-1,-1,-1,-1,-1,-1,-1,-1,-1,-1,-1,-1,257650,256468,255104,253834,252498,-1,-1,-1,-1,-1,-1,-1,-1,-1,-1,-1,-1,-1,-1,-1,-1,-1,-1,-1,-1,-1,-1,-1
wwe,1331,-1,1320,1317,-1,-1,-1,1285,1279,1274,1260,1247,-1,-1,1185,1172,1156,1139,1124,-1,-1,1079,1066,1039,1000,970,-1,-1,-1,-1,-1,-1,-1,-1,-1,-1,-1,-1,-1,-1,-1,-1,-1,-1,-1,-1,-1,-1,-1
ingress,359264,-1,357901,357112,-1,-1,-1,354076,353363,352752,351671,350598,-1,-1,347490,346267,345103,344106,342389,-1,-1,338939,337395,335996,334639,333672,-1,-1,-1,-1,-1,-1,-1,-1,-1,-1,-1,-1,-1,-1,-1,-1,-1,-1,-1,-1,-1,-1,-1
pop! slotsfree pokie games,-1,-1,-1,-1,-1,-1,-1,-1,-1,-1,-1,-1,-1,-1,-1,-1,-1,1418,1361,-1,-1,1298,1275,1240,1217,1199,-1,-1,-1,-1,-1,-1,-1,-1,-1,-1,-1,-1,-1,-1,-1,-1,-1,-1,-1,-1,-1,-1,-1
ufc,-1,-1,-1,-1,-1,-1,-1,-1,-1,-1,-1,-1,-1,-1,-1,-1,-1,-1,-1,-1,-1,-1,-1,24244,24217,24179,-1,-1,-1,-1,-1,-1,-1,-1,-1,-1,-1,-1,-1,-1,-1,-1,-1,-1,-1,-1,-1,-1,-1
free music for youtube,26412,-1,25611,25219,-1,-1,-1,22786,22245,21996,21324,20914,-1,-1,18964,18026,17119,16575,15662,-1,-1,13210,12163,10770,9604,8471,-1,-1,-1,-1,-1,-1,-1,-1,-1,-1,-1,-1,-1,-1,-1,-1,-1,-1,-1,-1,-1,-1,-1
calgary stampede 2016,-1,-1,-1,-1,-1,-1,-1,-1,-1,-1,-1,-1,-1,-1,-1,-1,-1,-1,29,-1,-1,25,23,22,21,17,-1,-1,-1,-1,-1,-1,-1,-1,-1,-1,-1,-1,-1,-1,-1,-1,-1,-1,-1,-1,-1,-1,-1
high school crush,-1,-1,-1,-1,-1,-1,-1,-1,-1,-1,-1,-1,-1,-1,-1,21198,20031,-1,17439,-1,-1,13858,12783,11731,10282,8768,-1,-1,-1,-1,-1,-1,-1,-1,-1,-1,-1,-1,-1,-1,-1,-1,-1,-1,-1,-1,-1,-1,-1
slots,-1,-1,-1,-1,-1,-1,-1,-1,-1,-1,-1,-1,-1,-1,-1,-1,-1,-1,-1,-1,-1,2347,2266,2102,1888,1664,-1,-1,-1,-1,-1,-1,-1,-1,-1,-1,-1,-1,-1,-1,-1,-1,-1,-1,-1,-1,-1,-1,-1
apk installer,-1,-1,-1,-1,-1,-1,-1,-1,-1,-1,-1,-1,-1,-1,25929,25819,25719,25626,25501,-1,-1,25154,25054,24935,24854,24788,-1,-1,-1,-1,-1,-1,-1,-1,-1,-1,-1,-1,-1,-1,-1,-1,-1,-1,-1,-1,-1,-1,-1
ocarina,-1,-1,-1,-1,-1,-1,-1,-1,-1,-1,-1,-1,-1,-1,-1,-1,-1,-1,-1,-1,-1,5494,5470,5456,5439,5414,-1,-1,-1,-1,-1,-1,-1,-1,-1,-1,-1,-1,-1,-1,-1,-1,-1,-1,-1,-1,-1,-1,-1
crab war,-1,-1,-1,-1,-1,-1,-1,-1,-1,-1,-1,-1,-1,-1,-1,-1,-1,-1,-1,-1,-1,79938,75946,70417,65667,61077,-1,-1,-1,-1,-1,-1,-1,-1,-1,-1,-1,-1,-1,-1,-1,-1,-1,-1,-1,-1,-1,-1,-1
naughty monster story,-1,-1,1845,1835,-1,-1,-1,1793,1780,1766,1736,1730,-1,-1,1698,1687,1675,1668,1660,-1,-1,1615,1590,1576,1559,1536,-1,-1,-1,-1,-1,-1,-1,-1,-1,-1,-1,-1,-1,-1,-1,-1,-1,-1,-1,-1,-1,-1,-1
lords mobile,543037,-1,541679,540953,-1,-1,-1,537288,536462,535734,534597,533630,-1,-1,530519,528653,527755,527117,526230,-1,-1,523966,523188,522163,521023,520133,-1,-1,-1,-1,-1,-1,-1,-1,-1,-1,-1,-1,-1,-1,-1,-1,-1,-1,-1,-1,-1,-1,-1
basket fall,-1,-1,-1,-1,-1,-1,-1,-1,-1,-1,-1,-1,-1,-1,-1,-1,-1,-1,-1,-1,-1,23102,22799,22140,21495,20908,-1,-1,-1,-1,-1,-1,-1,-1,-1,-1,-1,-1,-1,-1,-1,-1,-1,-1,-1,-1,-1,-1,-1
fake gps,16672,-1,16165,15900,-1,-1,-1,14507,14085,18539,13184,12774,-1,-1,11730,11404,11066,10784,10288,-1,-1,9273,8990,8457,8167,7918,-1,-1,-1,-1,-1,-1,-1,-1,-1,-1,-1,-1,-1,-1,-1,-1,-1,-1,-1,-1,-1,-1,-1
tracky train,-1,-1,-1,-1,-1,-1,-1,-1,-1,-1,-1,-1,-1,-1,-1,-1,-1,8445,8307,-1,-1,7645,7142,5997,4835,3619,-1,-1,-1,-1,-1,-1,-1,-1,-1,-1,-1,-1,-1,-1,-1,-1,-1,-1,-1,-1,-1,-1,-1
heart's medicine time to heal,-1,-1,-1,-1,-1,-1,-1,-1,-1,-1,-1,-1,-1,-1,-1,-1,-1,6601,6426,-1,-1,5995,5775,5502,5209,4907,-1,-1,-1,-1,-1,-1,-1,-1,-1,-1,-1,-1,-1,-1,-1,-1,-1,-1,-1,-1,-1,-1,-1
paradise bay,307062,-1,305491,305146,-1,-1,-1,304055,-1,-1,-1,-1,-1,-1,-1,302036,301676,301488,301213,-1,-1,300513,300302,300029,299784,299481,-1,-1,-1,-1,-1,-1,-1,-1,-1,-1,-1,-1,-1,-1,-1,-1,-1,-1,-1,-1,-1,-1,-1
pemberton music festival,-1,-1,-1,-1,-1,-1,-1,-1,-1,-1,-1,-1,-1,-1,-1,-1,-1,-1,-1,-1,-1,151,150,149,148,147,-1,-1,-1,-1,-1,-1,-1,-1,-1,-1,-1,-1,-1,-1,-1,-1,-1,-1,-1,-1,-1,-1,-1
here,-1,-1,-1,-1,-1,-1,-1,-1,-1,-1,-1,-1,-1,-1,-1,-1,-1,-1,278854,-1,-1,277607,277216,276174,275829,275471,-1,-1,-1,-1,-1,-1,-1,-1,-1,-1,-1,-1,-1,-1,-1,-1,-1,-1,-1,-1,-1,-1,-1
onetouch reveal,621,-1,-1,-1,-1,-1,-1,-1,-1,-1,-1,-1,-1,-1,549,544,541,535,525,-1,-1,512,507,499,495,491,-1,-1,-1,-1,-1,-1,-1,-1,-1,-1,-1,-1,-1,-1,-1,-1,-1,-1,-1,-1,-1,-1,-1
ea sports ufc,-1,-1,-1,-1,-1,-1,-1,-1,-1,-1,-1,-1,-1,-1,-1,-1,-1,-1,1436053,-1,-1,1430177,1428215,1425948,1423804,1421619,-1,-1,-1,-1,-1,-1,-1,-1,-1,-1,-1,-1,-1,-1,-1,-1,-1,-1,-1,-1,-1,-1,-1
montreal comiccon 2016,-1,-1,-1,-1,-1,-1,-1,-1,-1,-1,-1,-1,-1,-1,-1,-1,-1,-1,-1,-1,-1,-1,-1,-1,-1,34,-1,-1,-1,-1,-1,-1,-1,-1,-1,-1,-1,-1,-1,-1,-1,-1,-1,-1,-1,-1,-1,-1,-1
paper toss,-1,-1,-1,-1,-1,-1,-1,-1,-1,-1,-1,-1,-1,-1,-1,-1,-1,-1,-1,-1,-1,451684,451547,451436,451300,451168,-1,-1,-1,-1,-1,-1,-1,-1,-1,-1,-1,-1,-1,-1,-1,-1,-1,-1,-1,-1,-1,-1,-1
fake gps location,38278,-1,36632,36130,-1,-1,-1,34318,34023,33777,33348,33024,-1,-1,31942,31648,31380,31194,30926,-1,-1,30303,30056,29828,29635,29476,-1,-1,-1,-1,-1,-1,-1,-1,-1,-1,-1,-1,-1,-1,-1,-1,-1,-1,-1,-1,-1,-1,-1
nds boy!,-1,-1,-1,-1,-1,-1,-1,-1,-1,-1,-1,-1,-1,-1,-1,-1,-1,-1,32874,-1,-1,29276,28207,27116,26088,25130,-1,-1,-1,-1,-1,-1,-1,-1,-1,-1,-1,-1,-1,-1,-1,-1,-1,-1,-1,-1,-1,-1,-1
what am i?,-1,-1,-1,-1,-1,-1,-1,-1,-1,-1,-1,-1,-1,-1,-1,-1,-1,-1,-1,-1,-1,30126,30041,29939,29817,29725,-1,-1,-1,-1,-1,-1,-1,-1,-1,-1,-1,-1,-1,-1,-1,-1,-1,-1,-1,-1,-1,-1,-1
festival d't de qubec,-1,-1,-1,-1,-1,-1,-1,-1,-1,-1,-1,-1,-1,-1,-1,-1,-1,-1,-1,-1,-1,-1,-1,-1,-1,145,-1,-1,-1,-1,-1,-1,-1,-1,-1,-1,-1,-1,-1,-1,-1,-1,-1,-1,-1,-1,-1,-1,-1
tic tac toe glow,-1,-1,-1,-1,-1,-1,-1,-1,-1,-1,-1,-1,-1,-1,-1,-1,-1,-1,-1,-1,-1,-1,-1,80667,80377,80057,-1,-1,-1,-1,-1,-1,-1,-1,-1,-1,-1,-1,-1,-1,-1,-1,-1,-1,-1,-1,-1,-1,-1
real moto,-1,-1,-1,-1,-1,-1,-1,-1,-1,-1,-1,-1,-1,-1,-1,-1,-1,-1,30856,-1,-1,28286,27222,23413,20096,16331,-1,-1,-1,-1,-1,-1,-1,-1,-1,-1,-1,-1,-1,-1,-1,-1,-1,-1,-1,-1,-1,-1,-1
ice cream jump,132576,-1,132526,132491,-1,-1,-1,132382,132340,132330,132287,132260,-1,-1,-1,132146,132122,132104,132080,-1,-1,131998,131969,131937,131903,131860,-1,-1,-1,-1,-1,-1,-1,-1,-1,-1,-1,-1,-1,-1,-1,-1,-1,-1,-1,-1,-1,-1,-1
live.me live video streaming,-1,-1,-1,-1,-1,-1,-1,-1,-1,-1,-1,-1,-1,-1,-1,-1,-1,-1,-1,-1,-1,18726,18187,17645,17071,16477,-1,-1,14552,-1,12922,-1,-1,11698,11080,-1,-1,-1,-1,-1,-1,-1,-1,-1,-1,8481,8308,-1,-1
zombie age 3,-1,-1,-1,-1,-1,-1,-1,-1,-1,-1,-1,-1,-1,-1,-1,-1,-1,-1,-1,-1,-1,137974,136371,133823,131127,-1,-1,-1,-1,-1,-1,-1,-1,-1,-1,-1,-1,-1,-1,-1,-1,-1,-1,-1,-1,-1,-1,-1,-1
defender iii,-1,-1,-1,-1,-1,-1,-1,-1,-1,-1,-1,-1,-1,-1,-1,-1,-1,-1,-1,-1,-1,-1,-1,-1,16089,-1,-1,-1,-1,-1,-1,-1,-1,-1,-1,-1,-1,-1,-1,-1,-1,-1,-1,-1,-1,-1,-1,-1,-1
wipeout 2,-1,-1,-1,-1,-1,-1,-1,-1,-1,-1,-1,-1,-1,-1,-1,-1,-1,-1,-1,-1,-1,-1,-1,173347,173238,-1,-1,-1,-1,-1,-1,-1,-1,-1,-1,-1,-1,-1,-1,-1,-1,-1,-1,-1,-1,-1,-1,-1,-1
taichi panda,-1,-1,-1,-1,-1,-1,-1,-1,-1,-1,-1,-1,-1,-1,-1,-1,-1,-1,-1,-1,-1,-1,-1,19581,19455,-1,-1,-1,-1,-1,-1,-1,-1,-1,-1,-1,-1,-1,-1,-1,-1,-1,-1,-1,-1,-1,-1,-1,-1
taichi panda,-1,-1,-1,-1,-1,-1,-1,-1,-1,-1,-1,-1,-1,-1,-1,-1,-1,-1,-1,-1,-1,-1,-1,-1,-1,-1,-1,-1,-1,-1,-1,-1,-1,-1,-1,-1,-1,-1,-1,-1,-1,-1,-1,-1,-1,-1,-1,-1,-1
lego juniors quest,-1,-1,-1,-1,-1,-1,-1,-1,-1,-1,-1,-1,-1,-1,-1,-1,-1,-1,-1,-1,-1,-1,-1,-1,406733,-1,-1,-1,-1,-1,-1,-1,-1,-1,-1,-1,-1,-1,-1,-1,-1,-1,-1,-1,-1,-1,-1,-1,-1
family feud 2,-1,-1,-1,-1,-1,-1,-1,-1,-1,-1,-1,-1,-1,-1,-1,-1,-1,-1,-1,-1,-1,-1,-1,-1,120949,-1,-1,-1,-1,-1,-1,-1,-1,-1,-1,-1,-1,-1,-1,-1,-1,-1,-1,-1,-1,-1,-1,-1,-1
cribbage classic,16929,-1,16828,16781,-1,-1,-1,16539,16473,16432,-1,-1,-1,-1,-1,-1,-1,-1,-1,-1,-1,-1,-1,-1,15725,-1,-1,-1,-1,-1,-1,-1,-1,-1,-1,-1,-1,-1,-1,-1,-1,-1,-1,-1,-1,-1,-1,-1,-1
fake gps,16672,-1,16165,15900,-1,-1,-1,14507,14085,18539,13184,12774,-1,-1,11730,11404,11066,10784,10288,-1,-1,9273,8990,8457,8167,7918,-1,-1,-1,-1,-1,-1,-1,-1,-1,-1,-1,-1,-1,-1,-1,-1,-1,-1,-1,-1,-1,-1,-1
ghostbusters,-1,-1,-1,-1,-1,-1,-1,32275,31511,30682,29401,28189,-1,-1,22333,20208,18224,16488,13621,-1,-1,5112,4088,3202,2445,-1,-1,-1,-1,-1,-1,-1,-1,-1,-1,-1,-1,-1,-1,-1,-1,-1,-1,-1,-1,-1,-1,-1,-1
battleheart,-1,-1,-1,-1,-1,-1,-1,-1,-1,-1,-1,-1,-1,-1,-1,-1,-1,-1,-1,-1,-1,-1,4335,-1,3721,-1,-1,-1,-1,-1,-1,-1,-1,-1,-1,-1,-1,-1,-1,-1,-1,-1,-1,-1,-1,-1,-1,-1,-1
empire war,-1,-1,-1,-1,-1,-1,-1,-1,-1,-1,-1,-1,-1,-1,38162,37954,37883,37844,37771,-1,-1,37584,37527,37452,-1,-1,-1,-1,-1,-1,-1,-1,-1,-1,-1,-1,-1,-1,-1,-1,-1,-1,-1,-1,-1,-1,-1,-1,-1
download pokemon go,-1,-1,-1,-1,-1,-1,-1,-1,-1,-1,-1,-1,-1,-1,-1,-1,-1,-1,-1,-1,-1,-1,-1,312,-1,-1,-1,-1,-1,-1,-1,-1,-1,-1,-1,-1,-1,-1,-1,-1,-1,-1,-1,-1,-1,-1,-1,-1,-1
kendall & kylie,-1,-1,-1,-1,-1,-1,-1,-1,-1,-1,-1,-1,-1,-1,-1,-1,-1,-1,-1,-1,-1,212849,212081,210776,-1,-1,-1,-1,-1,-1,-1,-1,-1,-1,-1,-1,-1,-1,-1,-1,-1,-1,-1,-1,-1,-1,-1,-1,-1
root checker,243771,-1,243420,243280,-1,-1,-1,242266,242037,241837,241498,241223,-1,-1,240343,240042,239759,239564,239211,-1,-1,238387,238211,237851,-1,-1,-1,-1,-1,-1,-1,-1,-1,-1,-1,-1,-1,-1,-1,-1,-1,-1,-1,-1,-1,-1,-1,-1,-1
vpn,-1,-1,-1,-1,-1,-1,-1,-1,-1,-1,-1,-1,-1,-1,-1,-1,-1,377055,375858,-1,-1,372468,371423,370262,-1,-1,-1,-1,-1,-1,-1,-1,-1,-1,-1,-1,-1,-1,-1,-1,-1,-1,-1,-1,-1,-1,-1,-1,-1
miitomo,-1,-1,-1,-1,-1,-1,-1,-1,-1,-1,-1,-1,-1,-1,-1,-1,-1,-1,-1,-1,-1,-1,148343,147787,-1,-1,-1,-1,-1,-1,-1,-1,-1,-1,-1,-1,-1,-1,-1,-1,-1,-1,-1,-1,-1,-1,-1,-1,-1
fake gps location spoofer free,35845,-1,34478,34067,-1,-1,-1,31280,30559,30032,29191,28612,-1,-1,26169,25387,24612,24143,23136,-1,-1,21447,20725,-1,-1,-1,-1,-1,-1,-1,-1,-1,-1,-1,-1,-1,-1,-1,-1,-1,-1,-1,-1,-1,-1,-1,-1,-1,-1
walmart canada online shopping,101,-1,100,100,-1,-1,-1,91,89,88,86,84,-1,-1,80,75,72,71,67,-1,-1,54,49,-1,-1,-1,-1,-1,-1,-1,-1,-1,-1,-1,-1,-1,-1,-1,-1,-1,-1,-1,-1,-1,-1,-1,-1,-1,-1
tunnelbear vpn,-1,-1,-1,-1,-1,-1,-1,-1,-1,-1,-1,-1,-1,-1,-1,69499,69296,69033,68771,-1,-1,68064,67830,-1,-1,-1,-1,-1,-1,-1,-1,-1,-1,-1,-1,-1,-1,-1,-1,-1,-1,-1,-1,-1,-1,-1,-1,-1,-1
tap emoji keyboard-smiley skin,-1,-1,-1,-1,-1,-1,-1,-1,-1,-1,-1,-1,-1,-1,-1,-1,-1,-1,-1,-1,-1,-1,46459,-1,-1,-1,-1,-1,-1,-1,-1,-1,-1,-1,40663,40591,40430,40405,-1,39458,-1,-1,33560,32022,30001,-1,-1,-1,-1
pixelmon world,-1,-1,-1,-1,-1,-1,-1,-1,-1,-1,-1,-1,-1,-1,-1,-1,-1,-1,-1,-1,-1,1781,1570,-1,-1,-1,-1,-1,-1,-1,-1,-1,-1,-1,-1,-1,-1,-1,-1,-1,-1,-1,-1,-1,-1,-1,-1,-1,-1
free wifi,-1,-1,-1,-1,-1,-1,-1,-1,-1,-1,42586,42519,-1,-1,42405,42351,42277,42225,42171,-1,-1,41905,41757,-1,-1,-1,-1,-1,-1,-1,-1,-1,-1,-1,-1,-1,-1,-1,-1,-1,-1,-1,-1,-1,-1,-1,-1,-1,-1
commute,-1,-1,-1,-1,-1,-1,-1,-1,-1,-1,11714,11630,-1,-1,10947,10530,10058,9691,9139,-1,-1,7760,7314,-1,-1,-1,-1,-1,-1,-1,-1,-1,-1,-1,-1,-1,-1,-1,-1,-1,-1,-1,-1,-1,-1,-1,-1,-1,-1
trading 212 forex & stocks,-1,-1,-1,-1,-1,-1,-1,-1,-1,-1,-1,-1,-1,-1,-1,-1,-1,-1,19331,-1,-1,19243,19209,-1,-1,-1,-1,-1,-1,-1,-1,-1,-1,-1,-1,-1,-1,-1,-1,-1,-1,-1,-1,-1,-1,-1,-1,-1,-1
sharecloud,-1,-1,-1,-1,-1,-1,-1,-1,-1,-1,-1,-1,-1,-1,321782,321574,321379,321152,320932,-1,-1,319703,319012,-1,-1,-1,-1,-1,-1,-1,-1,-1,-1,-1,-1,-1,-1,-1,-1,-1,-1,-1,-1,-1,-1,-1,-1,-1,-1
my sun life,-1,-1,-1,-1,-1,-1,-1,-1,-1,-1,-1,-1,-1,-1,-1,-1,-1,-1,-1,-1,-1,2595,2581,-1,-1,-1,-1,-1,-1,-1,-1,-1,-1,-1,-1,-1,-1,-1,-1,-1,-1,-1,-1,-1,-1,-1,-1,-1,-1
clash of queensdragons,102761,-1,99604,98356,-1,-1,-1,92211,90431,88980,87234,85781,-1,-1,81833,80621,79319,77967,76627,-1,-1,72759,71546,-1,-1,-1,-1,-1,-1,-1,-1,-1,-1,-1,-1,-1,-1,-1,-1,-1,-1,-1,-1,-1,-1,-1,-1,-1,-1
best vpn,-1,-1,-1,-1,-1,-1,-1,-1,-1,-1,-1,-1,-1,-1,-1,-1,-1,-1,-1,-1,-1,86425,86143,-1,-1,-1,-1,-1,-1,-1,-1,-1,-1,-1,-1,-1,-1,-1,-1,-1,-1,-1,-1,-1,-1,-1,-1,-1,-1
mock locations,2232,-1,2154,2103,-1,-1,-1,1890,1816,1771,1671,1604,-1,-1,1319,1220,1144,1089,1016,-1,-1,858,810,-1,-1,-1,-1,-1,-1,-1,-1,-1,-1,-1,-1,-1,-1,-1,-1,-1,-1,-1,-1,-1,-1,-1,-1,-1,-1
du battery saver,11539075,-1,11528212,11522610,-1,-1,-1,11491718,11484013,11478441,11469132,11461311,-1,-1,11436523,11426501,11412101,11399728,11384254,-1,-1,11338760,-1,-1,-1,-1,-1,-1,-1,-1,-1,-1,-1,-1,-1,-1,-1,-1,-1,-1,-1,-1,-1,-1,-1,-1,-1,-1,-1
prisma,360492,-1,330734,310709,-1,-1,-1,204007,169580,150321,-1,-1,-1,-1,-1,-1,-1,-1,-1,-1,-1,5717,-1,-1,-1,-1,-1,-1,-1,-1,-1,-1,-1,-1,-1,-1,-1,-1,-1,-1,-1,-1,-1,-1,-1,-1,-1,-1,-1
prisma,-1,-1,-1,-1,-1,-1,-1,-1,-1,-1,-1,-1,-1,-1,-1,-1,-1,-1,-1,-1,-1,-1,-1,-1,-1,-1,-1,-1,-1,-1,-1,-1,-1,-1,-1,-1,-1,-1,-1,-1,-1,-1,-1,-1,-1,-1,-1,-1,-1
glass 2 glass,-1,-1,-1,-1,-1,-1,-1,13466,13251,13088,12786,12563,-1,-1,11108,9937,8789,7665,6075,-1,-1,3474,-1,-1,-1,-1,-1,-1,-1,-1,-1,-1,-1,-1,-1,-1,-1,-1,-1,-1,-1,-1,-1,-1,-1,-1,-1,-1,-1
hotspot shield vpn proxy free,-1,-1,-1,-1,-1,-1,-1,-1,-1,-1,-1,-1,-1,-1,-1,-1,-1,-1,-1,-1,-1,772390,-1,-1,-1,-1,-1,-1,-1,-1,-1,-1,-1,-1,-1,-1,-1,-1,-1,-1,-1,-1,-1,-1,-1,-1,-1,-1,-1
where's my water? 2,-1,-1,-1,-1,-1,-1,-1,-1,-1,-1,-1,-1,-1,-1,-1,1465900,1465161,1464554,-1,-1,-1,1461750,-1,-1,-1,-1,-1,-1,-1,-1,-1,-1,-1,-1,-1,-1,-1,-1,-1,-1,-1,-1,-1,-1,-1,-1,-1,-1,-1
pet go,7694,-1,7550,7466,-1,-1,-1,6788,6533,6365,5981,5715,-1,-1,4358,3831,3421,3086,2489,-1,-1,-1,-1,-1,-1,-1,-1,-1,-1,-1,-1,-1,-1,-1,-1,-1,-1,-1,-1,-1,-1,-1,-1,-1,-1,-1,-1,-1,-1
pet go,-1,-1,-1,-1,-1,-1,-1,-1,-1,-1,-1,-1,-1,-1,-1,-1,-1,-1,-1,-1,-1,-1,-1,-1,-1,-1,-1,-1,-1,-1,-1,-1,-1,-1,-1,-1,-1,-1,-1,-1,-1,-1,-1,-1,-1,-1,-1,-1,-1
card wars kingdom,279616,-1,270849,266574,-1,-1,-1,241930,235438,231664,222031,216060,-1,-1,182214,165705,153784,142892,122167,-1,-1,-1,-1,-1,-1,-1,-1,-1,-1,-1,-1,-1,-1,-1,-1,-1,-1,-1,-1,-1,-1,-1,-1,-1,-1,-1,-1,-1,-1
disney emoji blitz,-1,-1,50499,49799,-1,-1,-1,46049,44758,44028,42534,41110,-1,-1,35446,32687,29151,26611,21991,-1,-1,-1,-1,-1,-1,-1,-1,-1,-1,-1,-1,-1,-1,-1,-1,-1,-1,-1,-1,-1,-1,-1,-1,-1,-1,-1,-1,-1,-1
hyper heroes,-1,-1,-1,-1,-1,-1,-1,-1,-1,-1,-1,-1,-1,-1,112,110,108,100,89,-1,-1,-1,-1,-1,-1,-1,-1,-1,-1,-1,-1,-1,-1,-1,-1,-1,-1,-1,-1,-1,-1,-1,-1,-1,-1,-1,-1,-1,-1
headspace,20180,-1,20136,20111,-1,-1,-1,20007,19973,19941,19893,19863,-1,-1,19777,19747,19721,19696,19673,-1,-1,-1,-1,-1,-1,-1,-1,-1,-1,-1,-1,-1,-1,-1,-1,-1,-1,-1,-1,-1,-1,-1,-1,-1,-1,-1,-1,-1,-1
charity miles,-1,-1,-1,-1,-1,-1,-1,-1,-1,-1,4684,4652,-1,-1,4531,4468,4377,4314,4188,-1,-1,-1,-1,-1,-1,-1,-1,-1,-1,-1,-1,-1,-1,-1,-1,-1,-1,-1,-1,-1,-1,-1,-1,-1,-1,-1,-1,-1,-1
tetris blitz,-1,-1,-1,-1,-1,-1,-1,-1,184362,184313,184245,184196,-1,-1,183992,183891,183763,183647,183496,-1,-1,-1,-1,-1,-1,-1,-1,-1,-1,-1,-1,-1,-1,-1,-1,-1,-1,-1,-1,-1,-1,-1,-1,-1,-1,-1,-1,-1,-1
real guitar free,-1,-1,-1,-1,-1,-1,-1,-1,-1,-1,-1,-1,-1,-1,325145,323702,322279,321500,319679,-1,-1,-1,-1,-1,-1,-1,-1,-1,-1,-1,-1,-1,-1,-1,-1,-1,-1,-1,-1,-1,-1,-1,-1,-1,-1,-1,-1,-1,-1
walk for a dog,-1,-1,-1,-1,-1,-1,-1,-1,-1,-1,-1,-1,-1,-1,1991,1979,1971,1957,1938,-1,-1,-1,-1,-1,-1,-1,-1,-1,-1,-1,-1,-1,-1,-1,-1,-1,-1,-1,-1,-1,-1,-1,-1,-1,-1,-1,-1,-1,-1
solitaire,281074,-1,280091,279722,-1,-1,-1,277680,277222,276942,276265,275843,-1,-1,274337,273869,273405,273025,272490,-1,-1,271077,270740,270117,269555,269001,-1,-1,267460,-1,266694,266261,-1,265599,264980,264640,264075,263771,-1,263019,-1,-1,261362,261025,260545,260098,259592,-1,258770
neko atsume,-1,-1,-1,-1,-1,-1,-1,-1,-1,-1,244512,244322,-1,-1,243580,243167,242671,242222,241578,-1,-1,-1,-1,-1,-1,-1,-1,-1,-1,-1,-1,-1,-1,-1,-1,-1,-1,-1,-1,-1,-1,-1,-1,-1,-1,-1,-1,-1,-1
call of duty,-1,-1,-1,-1,-1,-1,-1,-1,-1,-1,-1,-1,-1,-1,1258295,1256042,1252289,1249321,1244669,-1,-1,-1,-1,-1,-1,-1,-1,-1,-1,-1,-1,-1,-1,-1,-1,-1,-1,-1,-1,-1,-1,-1,-1,-1,-1,-1,-1,-1,-1
the tribez,1220771,-1,1217964,1216696,-1,-1,-1,1208848,1207031,1206027,1203289,1201740,-1,-1,1194724,1191650,1188325,1185086,1179461,-1,-1,-1,-1,-1,-1,-1,-1,-1,-1,-1,-1,-1,-1,-1,-1,-1,-1,-1,-1,-1,-1,-1,-1,-1,-1,-1,-1,-1,-1
dorys reef,-1,-1,-1,-1,-1,-1,-1,-1,-1,-1,273,269,-1,-1,254,242,235,228,224,-1,-1,-1,-1,-1,-1,-1,-1,-1,-1,-1,-1,-1,-1,-1,-1,-1,-1,-1,-1,-1,-1,-1,-1,-1,-1,-1,-1,-1,-1
word search,583013,-1,582528,582284,-1,-1,-1,581227,580972,580788,2283,2259,-1,-1,2172,1923,1477,1252,1108,-1,-1,578323,-1,-1,-1,-1,-1,-1,576810,-1,576404,-1,-1,575887,575556,575387,575124,574952,-1,574563,-1,-1,573791,573620,573420,573238,573046,-1,-1
talking tom cat 2,2804816,-1,2803794,2803269,-1,-1,-1,2800494,2799781,2799321,2798575,2797864,-1,-1,2795513,2794676,2793910,2793290,2792397,-1,-1,-1,-1,-1,-1,-1,-1,-1,-1,-1,-1,-1,-1,-1,-1,-1,-1,-1,-1,-1,-1,-1,-1,-1,-1,-1,-1,-1,-1
domino's pizza canada,-1,-1,-1,-1,-1,-1,-1,-1,-1,-1,14271,14256,-1,-1,-1,14194,14180,14171,14160,-1,-1,-1,-1,-1,-1,-1,-1,-1,-1,-1,-1,-1,-1,-1,-1,-1,-1,-1,-1,-1,-1,-1,-1,-1,-1,-1,-1,-1,-1
loong craft,-1,-1,-1,-1,-1,-1,-1,-1,-1,-1,-1,-1,-1,-1,-1,13050,12298,11803,11339,-1,-1,-1,-1,-1,-1,-1,-1,-1,-1,-1,-1,-1,-1,-1,-1,-1,-1,-1,-1,-1,-1,-1,-1,-1,-1,-1,-1,-1,-1
viridi,-1,-1,-1,-1,-1,-1,-1,-1,-1,-1,-1,-1,-1,-1,4151,3815,3460,3229,2880,-1,-1,-1,-1,-1,-1,-1,-1,-1,-1,-1,-1,-1,-1,-1,-1,-1,-1,-1,-1,-1,-1,-1,-1,-1,-1,-1,-1,-1,-1
ski safari 2,-1,-1,-1,-1,-1,-1,-1,-1,-1,-1,-1,-1,-1,-1,263995,263013,261176,259675,257240,-1,-1,-1,-1,-1,-1,-1,-1,-1,-1,-1,-1,-1,-1,-1,-1,-1,-1,-1,-1,-1,-1,-1,-1,-1,-1,-1,-1,-1,-1
canada's wonderland,433,-1,426,425,-1,-1,-1,417,415,415,412,409,-1,-1,402,400,400,399,397,-1,-1,-1,-1,-1,-1,-1,-1,-1,-1,-1,-1,-1,-1,-1,-1,-1,-1,-1,-1,-1,-1,-1,-1,-1,-1,-1,-1,-1,-1
talking tom cat,-1,-1,-1,-1,-1,-1,-1,1358637,1358215,1357850,1357269,1356928,-1,-1,1355139,1354512,1353913,1353452,1352824,-1,-1,-1,-1,-1,-1,-1,-1,-1,-1,-1,-1,-1,-1,-1,-1,-1,-1,-1,-1,-1,-1,-1,-1,-1,-1,-1,-1,-1,-1
cash for apps,80304,-1,79889,79671,-1,-1,-1,78795,78566,78377,78054,77763,-1,-1,76969,76694,76432,76259,-1,-1,-1,-1,-1,-1,-1,-1,-1,-1,-1,-1,-1,-1,-1,-1,-1,-1,-1,-1,-1,-1,-1,-1,-1,-1,-1,-1,-1,-1,-1
gba emulator,8746,-1,8629,8560,-1,-1,-1,8218,8094,7996,7889,7792,-1,-1,7471,7379,7284,7206,-1,-1,-1,-1,-1,-1,-1,-1,-1,-1,-1,-1,-1,-1,-1,-1,-1,-1,-1,-1,-1,-1,-1,-1,-1,-1,-1,-1,-1,-1,-1
egg,52958,-1,45538,41074,-1,-1,-1,21431,18298,17138,15315,13546,-1,-1,7901,5558,3489,2311,-1,-1,-1,-1,-1,-1,-1,-1,-1,-1,-1,-1,-1,-1,-1,-1,-1,-1,-1,-1,-1,-1,-1,-1,-1,-1,-1,-1,-1,-1,-1
marche ta poutine,-1,-1,-1,-1,-1,-1,-1,-1,-1,-1,37,37,-1,-1,34,30,28,22,-1,-1,-1,-1,-1,-1,-1,-1,-1,-1,-1,-1,-1,-1,-1,-1,-1,-1,-1,-1,-1,-1,-1,-1,-1,-1,-1,-1,-1,-1,-1
resqwalk,-1,-1,-1,-1,-1,-1,-1,-1,-1,-1,576,571,-1,-1,563,555,538,525,-1,-1,-1,-1,-1,-1,-1,-1,-1,-1,-1,-1,-1,-1,-1,-1,-1,-1,-1,-1,-1,-1,-1,-1,-1,-1,-1,-1,-1,-1,-1
steps,-1,-1,-1,-1,-1,-1,-1,-1,-1,-1,-1,-1,-1,-1,-1,860,784,747,-1,-1,-1,-1,-1,-1,-1,-1,-1,-1,-1,-1,-1,-1,-1,-1,-1,-1,-1,-1,-1,-1,-1,-1,-1,-1,-1,-1,-1,-1,-1
bitmojiyour personal emoji,381035,-1,372441,366896,-1,-1,-1,341310,330718,325218,313884,303614,-1,-1,266183,248304,235108,232999,-1,-1,-1,-1,-1,-1,-1,-1,-1,-1,-1,-1,-1,-1,-1,-1,-1,-1,-1,-1,-1,-1,-1,-1,-1,-1,-1,-1,-1,-1,-1
houzz interior design ideas,-1,-1,-1,-1,-1,-1,-1,-1,-1,-1,-1,-1,-1,-1,-1,-1,-1,266822,-1,-1,-1,-1,-1,-1,-1,-1,-1,-1,-1,-1,-1,-1,-1,-1,-1,-1,-1,-1,-1,-1,-1,-1,-1,-1,-1,-1,-1,-1,-1
bejeweled blitz,-1,-1,-1,-1,-1,-1,-1,-1,-1,-1,-1,-1,-1,-1,-1,204226,204155,204109,-1,-1,-1,-1,-1,-1,-1,-1,-1,-1,-1,-1,-1,-1,-1,-1,-1,-1,-1,-1,-1,-1,-1,-1,-1,-1,-1,-1,-1,-1,-1
talking ben the dog,1291235,-1,1290342,1289830,-1,-1,-1,1287408,1286653,1286274,1285508,1284849,-1,-1,1283088,1282519,1281920,1281391,-1,-1,-1,-1,-1,-1,-1,-1,-1,-1,-1,-1,-1,-1,-1,-1,-1,-1,-1,-1,-1,-1,-1,-1,-1,-1,-1,-1,-1,-1,-1
kleptocats,-1,-1,-1,-1,-1,-1,-1,-1,-1,-1,-1,-1,-1,-1,67808,67241,66673,66184,-1,-1,-1,-1,-1,-1,-1,-1,-1,-1,-1,-1,-1,-1,-1,-1,-1,-1,-1,-1,-1,-1,-1,-1,-1,-1,-1,-1,-1,-1,-1
the last vikings,-1,-1,-1,-1,-1,-1,-1,-1,-1,-1,-1,-1,-1,-1,46436,46043,45365,44906,-1,-1,-1,-1,-1,-1,-1,-1,-1,-1,-1,-1,-1,-1,-1,-1,-1,-1,-1,-1,-1,-1,-1,-1,-1,-1,-1,-1,-1,-1,-1
pop! slotsfree pokie games!,3966,-1,3458,3314,-1,-1,-1,2703,2565,2482,2252,2090,-1,-1,1658,1554,1459,-1,-1,-1,-1,-1,-1,-1,-1,-1,-1,-1,-1,-1,-1,-1,-1,-1,-1,-1,-1,-1,-1,-1,-1,-1,-1,-1,-1,-1,-1,-1,-1
messenger for pokemon go,-1,-1,-1,-1,-1,-1,-1,2841,2792,2765,2699,2633,-1,-1,2258,2003,1706,-1,-1,-1,-1,-1,-1,-1,-1,-1,-1,-1,-1,-1,-1,-1,-1,-1,-1,-1,-1,-1,-1,-1,-1,-1,-1,-1,-1,-1,-1,-1,-1
sensor kinetics,-1,-1,-1,-1,-1,-1,-1,-1,-1,-1,-1,-1,-1,-1,-1,4699,4678,-1,-1,-1,-1,-1,-1,-1,-1,-1,-1,-1,-1,-1,-1,-1,-1,-1,-1,-1,-1,-1,-1,-1,-1,-1,-1,-1,-1,-1,-1,-1,-1
lush cosmetics,-1,-1,-1,-1,-1,-1,-1,-1,-1,-1,-1,-1,-1,-1,-1,232,229,-1,-1,-1,-1,-1,-1,-1,-1,-1,-1,-1,-1,-1,-1,-1,-1,-1,-1,-1,-1,-1,-1,-1,-1,-1,-1,-1,-1,-1,-1,-1,-1
modern combat 5,1513120,-1,1506347,1503460,-1,-1,-1,1482301,1475126,1470319,1465113,1462061,-1,-1,1450166,1445927,1441964,-1,-1,-1,-1,-1,-1,-1,-1,-1,-1,-1,-1,-1,-1,-1,-1,-1,-1,-1,-1,-1,-1,-1,-1,-1,-1,-1,-1,-1,-1,-1,-1
wifi mappasswords,-1,-1,-1,-1,-1,-1,-1,-1,-1,-1,-1,-1,-1,-1,242875,242307,241789,-1,-1,-1,-1,-1,-1,-1,-1,-1,-1,-1,-1,-1,-1,-1,-1,-1,-1,-1,-1,-1,-1,-1,-1,-1,-1,-1,-1,-1,-1,-1,-1
gps status & toolbox,-1,-1,-1,-1,-1,-1,-1,-1,-1,-1,-1,-1,-1,-1,-1,135700,135559,-1,-1,-1,-1,-1,-1,-1,-1,-1,-1,-1,-1,-1,-1,-1,-1,-1,-1,-1,-1,-1,-1,-1,-1,-1,-1,-1,-1,-1,-1,-1,-1
talking ginger,1514510,-1,1513797,1513431,-1,-1,-1,1511404,1510787,1510519,1509874,1509389,-1,-1,1508063,1507584,1507144,-1,-1,-1,-1,-1,-1,-1,-1,-1,-1,-1,-1,-1,-1,-1,-1,-1,-1,-1,-1,-1,-1,-1,-1,-1,-1,-1,-1,-1,-1,-1,-1
would you rather?,14990,-1,14355,14176,-1,-1,-1,11745,11172,10881,10132,9645,-1,-1,8241,7922,7565,-1,-1,-1,-1,-1,-1,-1,-1,-1,-1,-1,-1,-1,-1,-1,-1,-1,-1,-1,-1,-1,-1,-1,-1,-1,-1,-1,-1,-1,-1,-1,-1
yahoo mailstay organised,3051411,-1,3047521,3045842,-1,-1,-1,3037234,3035208,3033543,3030830,3029163,-1,-1,3023087,3020699,-1,-1,-1,-1,-1,-1,-1,-1,-1,-1,-1,-1,-1,-1,-1,-1,-1,-1,-1,-1,-1,-1,-1,-1,-1,-1,-1,-1,-1,-1,-1,-1,-1
combo critters,-1,-1,-1,-1,-1,-1,-1,-1,-1,-1,-1,-1,-1,-1,-1,10041,-1,-1,-1,-1,-1,-1,-1,-1,-1,-1,-1,-1,-1,-1,-1,-1,-1,-1,-1,-1,-1,-1,-1,-1,-1,-1,-1,-1,-1,-1,-1,-1,-1
pokmon go,2875068,-1,2079885,2047754,-1,-1,-1,1782666,1741142,1716404,1649765,1604169,-1,-1,1383585,1300651,1203681,1139398,1032764,-1,-1,-1,-1,-1,-1,-1,-1,-1,-1,-1,-1,-1,-1,-1,-1,-1,-1,-1,-1,-1,-1,-1,-1,-1,-1,-1,-1,-1,-1
camarad,263,-1,261,260,-1,-1,-1,178,175,170,156,153,-1,-1,117,-1,-1,-1,-1,-1,-1,-1,-1,-1,-1,-1,-1,-1,-1,-1,-1,-1,-1,-1,-1,-1,-1,-1,-1,-1,-1,-1,-1,-1,-1,-1,-1,-1,-1
pokmon camp,63752,-1,61488,60886,-1,-1,-1,57662,56797,56117,55068,53997,-1,-1,50014,48392,46638,45192,43054,-1,-1,35237,32008,26656,22885,21121,-1,-1,-1,-1,-1,-1,-1,16044,-1,15588,15359,15224,-1,14998,-1,-1,14305,14173,14053,13910,13761,-1,13526
pokmon tcg online,-1,-1,-1,-1,-1,-1,-1,21252,21073,20944,20751,20609,-1,-1,19965,19725,19493,19269,18917,-1,-1,17848,17437,17044,16664,16341,-1,-1,15384,-1,14883,-1,-1,14337,13941,13706,13388,13164,-1,12768,-1,-1,11793,11563,11337,10963,10493,-1,10187
secret life of pets unleashed,-1,-1,-1,-1,-1,-1,-1,-1,-1,-1,24456,24172,-1,-1,23242,-1,-1,-1,-1,-1,-1,-1,-1,-1,-1,-1,-1,-1,-1,-1,-1,-1,-1,-1,-1,-1,-1,-1,-1,-1,-1,-1,-1,-1,-1,-1,-1,-1,-1
sunshine,-1,-1,-1,-1,-1,-1,-1,-1,-1,-1,43,40,-1,-1,28,-1,-1,-1,-1,-1,-1,-1,-1,-1,-1,-1,-1,-1,-1,-1,-1,-1,-1,-1,-1,-1,-1,-1,-1,-1,-1,-1,-1,-1,-1,-1,-1,-1,-1
design home,72,-1,61,61,-1,-1,-1,50,46,42,36,32,-1,-1,25,-1,-1,-1,-1,-1,-1,-1,-1,-1,-1,-1,-1,-1,-1,-1,-1,-1,-1,-1,-1,-1,-1,-1,-1,-1,-1,-1,-1,-1,-1,-1,-1,-1,-1
cube escape,-1,-1,-1,-1,-1,-1,-1,-1,-1,-1,-1,-1,-1,-1,17097,-1,-1,-1,-1,-1,-1,-1,-1,-1,-1,-1,-1,-1,-1,-1,-1,-1,-1,-1,-1,-1,-1,-1,-1,-1,-1,-1,-1,-1,-1,-1,-1,-1,-1
pokmon tv,86138,-1,85727,85526,-1,-1,-1,84533,84292,84088,83851,83647,-1,-1,82828,82532,82122,81876,81570,-1,-1,80678,80375,80070,79781,-1,-1,-1,-1,-1,-1,-1,-1,-1,-1,-1,-1,-1,-1,-1,-1,-1,-1,-1,-1,-1,-1,-1,-1
suicide squad,41846,-1,38736,37531,-1,-1,-1,32007,30645,29660,28060,26520,-1,-1,19375,-1,-1,-1,-1,-1,-1,-1,-1,-1,-1,-1,-1,-1,-1,-1,-1,-1,-1,-1,-1,-1,-1,-1,-1,-1,-1,-1,-1,-1,-1,-1,-1,-1,-1
google arts & culture,-1,-1,-1,-1,-1,-1,-1,-1,-1,-1,6595,6542,-1,-1,6051,-1,-1,-1,-1,-1,-1,-1,-1,-1,-1,-1,-1,-1,-1,-1,-1,-1,-1,-1,-1,-1,-1,-1,-1,-1,-1,-1,-1,-1,-1,-1,-1,-1,-1
pokmon shuffle mobile,-1,-1,-1,-1,-1,-1,-1,177942,177309,176903,176013,175529,-1,-1,173240,172229,171179,170349,169229,-1,-1,165456,-1,-1,-1,-1,-1,-1,-1,-1,-1,-1,-1,-1,-1,-1,-1,-1,-1,-1,-1,-1,-1,-1,-1,-1,-1,-1,-1
mr bean,-1,-1,-1,-1,-1,-1,-1,-1,-1,-1,-1,-1,-1,-1,18167,-1,-1,-1,-1,-1,-1,-1,-1,-1,-1,-1,-1,-1,-1,-1,-1,-1,-1,-1,-1,-1,-1,-1,-1,-1,-1,-1,-1,-1,-1,-1,-1,-1,-1
cookie bomb!,-1,-1,-1,-1,-1,-1,-1,-1,-1,-1,-1,-1,-1,-1,345,-1,-1,-1,-1,-1,-1,-1,-1,-1,-1,-1,-1,-1,-1,-1,-1,-1,-1,-1,-1,-1,-1,-1,-1,-1,-1,-1,-1,-1,-1,-1,-1,-1,-1
diep.io,105610,-1,103160,101848,-1,-1,-1,92009,86859,82407,71137,63682,-1,-1,26489,-1,-1,-1,-1,-1,-1,-1,-1,-1,-1,-1,-1,-1,-1,-1,-1,-1,-1,-1,-1,-1,-1,-1,-1,-1,-1,-1,-1,-1,-1,-1,-1,-1,-1
google play books,-1,-1,-1,-1,-1,-1,-1,-1,-1,-1,-1,-1,-1,-1,1157047,-1,-1,-1,-1,-1,-1,-1,-1,-1,-1,-1,-1,-1,-1,-1,-1,-1,-1,-1,-1,-1,-1,-1,-1,-1,-1,-1,-1,-1,-1,-1,-1,-1,-1
talking angela,-1,-1,-1,-1,-1,-1,-1,-1,-1,-1,-1,-1,-1,-1,1451020,-1,-1,-1,-1,-1,-1,-1,-1,-1,-1,-1,-1,-1,-1,-1,-1,-1,-1,-1,-1,-1,-1,-1,-1,-1,-1,-1,-1,-1,-1,-1,-1,-1,-1
homeless?,-1,-1,-1,-1,-1,-1,-1,-1,-1,-1,-1,-1,-1,-1,6120,-1,-1,-1,-1,-1,-1,-1,-1,-1,-1,-1,-1,-1,-1,-1,-1,-1,-1,-1,-1,-1,-1,-1,-1,-1,-1,-1,-1,-1,-1,-1,-1,-1,-1
speed camera radar,-1,-1,-1,-1,-1,-1,-1,41538,41522,41512,41504,41497,-1,-1,41459,-1,-1,-1,-1,-1,-1,-1,-1,-1,-1,-1,-1,-1,-1,-1,-1,-1,-1,-1,-1,-1,-1,-1,-1,-1,-1,-1,-1,-1,-1,-1,-1,-1,-1
wayhome music & arts festival,-1,-1,-1,-1,-1,-1,-1,-1,-1,-1,221,221,-1,-1,220,-1,-1,-1,-1,-1,-1,-1,-1,-1,-1,-1,-1,-1,-1,-1,-1,-1,-1,-1,-1,-1,-1,-1,-1,-1,-1,-1,-1,-1,-1,-1,-1,-1,-1
myrogers,-1,-1,-1,-1,-1,-1,-1,13839,-1,-1,-1,-1,-1,-1,13818,-1,-1,-1,-1,-1,-1,-1,-1,-1,-1,-1,-1,-1,-1,-1,-1,-1,-1,-1,-1,-1,-1,-1,-1,-1,-1,-1,-1,-1,-1,-1,-1,-1,-1
clue bingo,-1,-1,-1,-1,-1,-1,-1,-1,-1,-1,-1,-1,-1,-1,23426,-1,-1,-1,-1,-1,-1,-1,-1,-1,-1,-1,-1,-1,-1,-1,-1,-1,-1,-1,-1,-1,-1,-1,-1,-1,-1,-1,-1,-1,-1,-1,-1,-1,-1
fallensouls-sapphirewar,-1,-1,-1,-1,-1,-1,-1,1873,1873,1872,1872,1872,-1,-1,-1,-1,-1,-1,-1,-1,-1,-1,-1,-1,-1,-1,-1,-1,-1,-1,-1,-1,-1,-1,-1,-1,-1,-1,-1,-1,-1,-1,-1,-1,-1,-1,-1,-1,-1
poke radar for pokemon go,-1,-1,-1,-1,-1,-1,-1,-1,-1,5944,4394,3467,-1,-1,-1,-1,-1,-1,-1,-1,-1,-1,-1,-1,-1,-1,-1,-1,-1,-1,-1,-1,-1,-1,-1,-1,-1,-1,-1,-1,-1,-1,-1,-1,-1,-1,-1,-1,-1
dots & co,17574,-1,17051,16800,-1,-1,-1,14494,13174,12164,10273,8930,-1,-1,-1,-1,-1,-1,-1,-1,-1,-1,-1,-1,-1,-1,-1,-1,-1,-1,-1,-1,-1,-1,-1,-1,-1,-1,-1,-1,-1,-1,-1,-1,-1,-1,-1,-1,-1
360 battery plus,32992,-1,25048,20721,-1,-1,-1,12447,11136,10530,8971,7864,-1,-1,-1,-1,-1,-1,-1,-1,-1,-1,-1,-1,-1,-1,-1,-1,-1,-1,-1,-1,-1,-1,-1,-1,-1,-1,-1,-1,-1,-1,-1,-1,-1,-1,-1,-1,-1
real guitar,-1,-1,-1,-1,-1,-1,-1,330104,329491,329142,328446,328029,-1,-1,-1,-1,-1,-1,-1,-1,-1,-1,-1,-1,-1,-1,-1,-1,-1,-1,-1,-1,-1,-1,-1,-1,-1,-1,-1,-1,-1,-1,-1,-1,-1,-1,-1,-1,-1
slash mobs,-1,-1,-1,-1,-1,-1,-1,7365,7107,6867,6411,5803,-1,-1,-1,-1,-1,-1,-1,-1,-1,-1,-1,-1,-1,-1,-1,-1,-1,-1,-1,-1,-1,-1,-1,-1,-1,-1,-1,-1,-1,-1,-1,-1,-1,-1,-1,-1,-1
slots huuuge casino,-1,-1,-1,-1,-1,-1,-1,145571,144737,144286,143316,142683,-1,-1,-1,-1,-1,-1,-1,-1,-1,-1,-1,-1,-1,-1,-1,-1,-1,-1,-1,-1,-1,-1,-1,-1,-1,-1,-1,-1,-1,-1,-1,-1,-1,-1,-1,-1,-1
star trek timelines,44741,-1,44537,44439,-1,-1,-1,43808,43500,43145,42506,41944,-1,-1,-1,-1,-1,-1,-1,-1,-1,-1,-1,-1,-1,-1,-1,-1,-1,-1,-1,-1,-1,-1,-1,-1,-1,-1,-1,-1,-1,-1,-1,-1,-1,-1,-1,-1,-1
rival fire,-1,-1,-1,92340,-1,-1,-1,82385,77659,71165,59667,49763,-1,-1,-1,-1,-1,-1,-1,-1,-1,-1,-1,-1,-1,-1,-1,-1,-1,-1,-1,-1,-1,-1,-1,-1,-1,-1,-1,-1,-1,-1,-1,-1,-1,-1,-1,-1,-1
pokelocator for pokemon go,-1,-1,-1,-1,-1,-1,-1,-1,-1,-1,1879,1341,-1,-1,-1,-1,-1,-1,-1,-1,-1,-1,-1,-1,-1,-1,-1,-1,-1,-1,-1,-1,-1,-1,-1,-1,-1,-1,-1,-1,-1,-1,-1,-1,-1,-1,-1,-1,-1
prismaphoto maker,-1,-1,-1,-1,-1,-1,-1,-1,-1,-1,-1,14341,-1,-1,-1,-1,-1,-1,-1,-1,-1,-1,-1,-1,-1,-1,-1,-1,-1,-1,-1,-1,-1,-1,-1,-1,-1,-1,-1,-1,-1,-1,-1,-1,-1,-1,-1,-1,-1
cupcake mania,-1,-1,-1,-1,-1,-1,-1,847,819,803,753,695,-1,-1,-1,-1,-1,-1,-1,-1,-1,-1,-1,-1,-1,-1,-1,-1,-1,-1,-1,-1,-1,-1,-1,-1,-1,-1,-1,-1,-1,-1,-1,-1,-1,-1,-1,-1,-1
chocofan by chocolats favoris,-1,-1,-1,23,-1,-1,-1,19,17,16,14,14,-1,-1,-1,-1,-1,-1,-1,-1,-1,-1,-1,-1,-1,-1,-1,-1,-1,-1,-1,-1,-1,-1,-1,-1,-1,-1,-1,-1,-1,-1,-1,-1,-1,-1,-1,-1,-1
tap tap dash,-1,-1,-1,-1,-1,-1,-1,104873,104155,103180,101734,100387,-1,-1,-1,-1,-1,-1,-1,-1,-1,-1,-1,-1,-1,-1,-1,-1,-1,-1,-1,-1,-1,-1,-1,-1,-1,-1,-1,-1,-1,-1,-1,-1,-1,-1,-1,-1,-1
star skater,-1,-1,-1,-1,-1,-1,-1,26803,26503,26099,25511,25139,-1,-1,-1,-1,-1,-1,-1,-1,-1,-1,-1,-1,-1,-1,-1,-1,-1,-1,-1,-1,-1,-1,-1,-1,-1,-1,-1,-1,-1,-1,-1,-1,-1,-1,-1,-1,-1
storm,-1,-1,-1,-1,-1,-1,-1,-1,1122,1079,1002,927,-1,-1,-1,-1,-1,-1,-1,-1,-1,-1,-1,-1,-1,-1,-1,-1,-1,-1,-1,-1,-1,-1,-1,-1,-1,-1,-1,-1,-1,-1,-1,-1,-1,-1,-1,-1,-1
go up,-1,-1,-1,-1,-1,-1,-1,-1,1355,1334,1266,1215,-1,-1,-1,-1,-1,-1,-1,-1,-1,-1,-1,-1,-1,-1,-1,-1,-1,-1,-1,-1,-1,-1,-1,-1,-1,-1,-1,-1,-1,-1,-1,-1,-1,-1,-1,-1,-1
girls craft,-1,-1,-1,-1,-1,-1,-1,19371,18764,18402,17547,17056,-1,-1,-1,-1,-1,-1,-1,-1,-1,-1,-1,-1,-1,-1,-1,-1,-1,-1,-1,-1,-1,-1,-1,-1,-1,-1,-1,-1,-1,-1,-1,-1,-1,-1,-1,-1,-1
sophia,-1,-1,-1,-1,-1,-1,-1,5055,4871,4706,4342,3969,-1,-1,-1,-1,-1,-1,-1,-1,-1,-1,-1,-1,-1,-1,-1,-1,-1,-1,-1,-1,-1,-1,-1,-1,-1,-1,-1,-1,-1,-1,-1,-1,-1,-1,-1,-1,-1
prize claw,372388,-1,371474,371117,-1,-1,-1,369063,368611,368288,367777,367398,-1,-1,-1,-1,-1,-1,-1,-1,-1,-1,-1,-1,-1,-1,-1,-1,-1,-1,-1,-1,-1,-1,-1,-1,-1,-1,-1,-1,-1,-1,-1,-1,-1,-1,-1,-1,-1
kung fu all-star,-1,-1,-1,-1,-1,-1,-1,49,47,46,37,31,-1,-1,-1,-1,-1,-1,-1,-1,-1,-1,-1,-1,-1,-1,-1,-1,-1,-1,-1,-1,-1,-1,-1,-1,-1,-1,-1,-1,-1,-1,-1,-1,-1,-1,-1,-1,-1
flashlight galaxy,20527,-1,19683,19327,-1,-1,-1,17589,17174,16804,16303,15956,-1,-1,-1,-1,-1,-1,-1,-1,-1,-1,-1,-1,-1,-1,-1,-1,-1,-1,-1,-1,-1,-1,-1,-1,-1,-1,-1,-1,-1,-1,-1,-1,-1,-1,-1,-1,-1
the walking dead no man's land,-1,-1,-1,-1,-1,-1,-1,265866,264876,263820,262140,260948,-1,-1,-1,-1,-1,-1,-1,-1,-1,-1,-1,-1,-1,-1,-1,-1,-1,-1,-1,-1,-1,-1,-1,-1,-1,-1,-1,-1,-1,-1,-1,-1,-1,-1,-1,-1,-1
ancient aliens,-1,-1,-1,-1,-1,-1,-1,25840,25313,24826,23635,22815,-1,-1,-1,-1,-1,-1,-1,-1,-1,-1,-1,-1,-1,-1,-1,-1,-1,-1,-1,-1,-1,-1,-1,-1,-1,-1,-1,-1,-1,-1,-1,-1,-1,-1,-1,-1,-1
hd wallpaper,-1,-1,-1,-1,-1,-1,-1,-1,-1,-1,11307,11093,-1,-1,-1,-1,-1,-1,-1,-1,-1,-1,-1,-1,-1,-1,-1,-1,-1,-1,-1,-1,-1,-1,-1,-1,-1,-1,-1,-1,-1,-1,-1,-1,-1,-1,-1,-1,-1
anger of stick 5,-1,-1,-1,-1,-1,-1,-1,-1,-1,-1,31493,30536,-1,-1,-1,-1,-1,-1,-1,-1,-1,-1,-1,-1,-1,-1,-1,-1,-1,-1,-1,-1,-1,-1,-1,-1,-1,-1,-1,-1,-1,-1,-1,-1,-1,-1,-1,-1,-1
video editor musiccutno,453933,-1,451878,450794,-1,-1,-1,445605,444323,443327,441797,440916,-1,-1,-1,-1,-1,-1,-1,-1,-1,-1,-1,-1,-1,-1,-1,-1,-1,-1,-1,-1,-1,-1,-1,-1,-1,-1,-1,-1,-1,-1,-1,-1,-1,-1,-1,-1,-1
glow hockey 2,389421,-1,388977,388852,-1,-1,-1,387448,387056,386771,386353,386093,-1,-1,-1,-1,-1,-1,-1,-1,-1,-1,-1,-1,-1,-1,-1,-1,-1,-1,-1,-1,-1,-1,-1,-1,-1,-1,-1,-1,-1,-1,-1,-1,-1,-1,-1,-1,-1
hide mock locations,-1,-1,-1,-1,-1,-1,-1,-1,406,391,362,341,-1,-1,-1,-1,-1,-1,-1,-1,-1,-1,-1,-1,-1,-1,-1,-1,-1,-1,-1,-1,-1,-1,-1,-1,-1,-1,-1,-1,-1,-1,-1,-1,-1,-1,-1,-1,-1
pac-man puzzle tour,-1,-1,-1,-1,-1,-1,-1,2761,2718,2658,2547,2468,-1,-1,-1,-1,-1,-1,-1,-1,-1,-1,-1,-1,-1,-1,-1,-1,-1,-1,-1,-1,-1,-1,-1,-1,-1,-1,-1,-1,-1,-1,-1,-1,-1,-1,-1,-1,-1
doomsday clicker,-1,-1,-1,-1,-1,-1,-1,66224,65461,64893,63764,62768,-1,-1,-1,-1,-1,-1,-1,-1,-1,-1,-1,-1,-1,-1,-1,-1,-1,-1,-1,-1,-1,-1,-1,-1,-1,-1,-1,-1,-1,-1,-1,-1,-1,-1,-1,-1,-1
prisma,360492,-1,330734,310709,-1,-1,-1,204007,169580,150321,-1,-1,-1,-1,-1,-1,-1,-1,-1,-1,-1,5717,-1,-1,-1,-1,-1,-1,-1,-1,-1,-1,-1,-1,-1,-1,-1,-1,-1,-1,-1,-1,-1,-1,-1,-1,-1,-1,-1
pokedetector,-1,-1,-1,-1,-1,-1,-1,5187,3215,2090,-1,-1,-1,-1,-1,-1,-1,-1,-1,-1,-1,-1,-1,-1,-1,-1,-1,-1,-1,-1,-1,-1,-1,-1,-1,-1,-1,-1,-1,-1,-1,-1,-1,-1,-1,-1,-1,-1,-1
gotools,-1,-1,3059,2977,-1,-1,-1,1630,1215,1034,-1,-1,-1,-1,-1,-1,-1,-1,-1,-1,-1,-1,-1,-1,-1,-1,-1,-1,-1,-1,-1,-1,-1,-1,-1,-1,-1,-1,-1,-1,-1,-1,-1,-1,-1,-1,-1,-1,-1
50 50,9749,-1,9041,8571,-1,-1,-1,6741,6287,6005,-1,-1,-1,-1,-1,-1,-1,-1,-1,-1,-1,-1,-1,-1,-1,-1,-1,-1,-1,-1,-1,-1,-1,-1,-1,-1,-1,-1,-1,-1,-1,-1,-1,-1,-1,-1,-1,-1,-1
mini golf stars,-1,-1,-1,-1,-1,-1,-1,7092,6937,6780,-1,-1,-1,-1,-1,-1,-1,-1,-1,-1,-1,-1,-1,-1,-1,-1,-1,-1,-1,-1,-1,-1,-1,-1,-1,-1,-1,-1,-1,-1,-1,-1,-1,-1,-1,-1,-1,-1,-1
family feud & friends,349713,-1,349718,349714,-1,-1,-1,349717,349710,349718,-1,-1,-1,-1,-1,-1,-1,-1,-1,-1,-1,-1,-1,-1,-1,-1,-1,-1,-1,-1,-1,-1,-1,-1,-1,-1,-1,-1,-1,-1,-1,-1,-1,-1,-1,-1,-1,-1,-1
solitaire,281074,-1,280091,279722,-1,-1,-1,277680,277222,276942,276265,275843,-1,-1,274337,273869,273405,273025,272490,-1,-1,271077,270740,270117,269555,269001,-1,-1,267460,-1,266694,266261,-1,265599,264980,264640,264075,263771,-1,263019,-1,-1,261362,261025,260545,260098,259592,-1,258770
here wego,287415,-1,286810,286440,-1,-1,-1,284572,283760,282598,-1,-1,-1,-1,-1,-1,-1,-1,-1,-1,-1,-1,-1,-1,-1,-1,-1,-1,-1,-1,-1,-1,-1,-1,-1,-1,-1,-1,-1,-1,-1,-1,-1,-1,-1,-1,-1,-1,-1
foto selfie,-1,-1,-1,-1,-1,-1,-1,273,259,242,-1,-1,-1,-1,-1,-1,-1,-1,-1,-1,-1,-1,-1,-1,-1,-1,-1,-1,-1,-1,-1,-1,-1,-1,-1,-1,-1,-1,-1,-1,-1,-1,-1,-1,-1,-1,-1,-1,-1
sketch camera,-1,-1,-1,-1,-1,-1,-1,-1,11631,11493,-1,-1,-1,-1,-1,-1,-1,-1,-1,-1,-1,-1,-1,-1,-1,-1,-1,-1,-1,-1,-1,-1,-1,-1,-1,-1,-1,-1,-1,-1,-1,-1,-1,-1,-1,-1,-1,-1,-1
mandala coloring book,8695,-1,8194,7987,-1,-1,-1,6479,6039,5719,-1,-1,-1,-1,-1,-1,-1,-1,-1,-1,-1,-1,-1,-1,-1,-1,-1,-1,-1,-1,-1,-1,-1,-1,-1,-1,-1,-1,-1,-1,-1,-1,-1,-1,-1,-1,-1,-1,-1
drift car city traffic racer,70279,-1,69278,68603,-1,-1,-1,64882,64061,63545,-1,-1,-1,-1,-1,-1,-1,-1,-1,-1,-1,-1,-1,-1,-1,-1,-1,-1,-1,-1,-1,-1,-1,-1,-1,-1,-1,-1,-1,-1,-1,-1,-1,-1,-1,-1,-1,-1,-1
bike racing 2 ,28672,-1,27776,27370,-1,-1,-1,24899,24132,23710,-1,-1,-1,-1,-1,-1,-1,-1,-1,-1,-1,-1,-1,-1,-1,-1,-1,-1,-1,-1,-1,-1,-1,-1,-1,-1,-1,-1,-1,-1,-1,-1,-1,-1,-1,-1,-1,-1,-1
spot the difference 150 levels,32291,-1,31916,31703,-1,-1,-1,30720,30459,30310,-1,-1,-1,-1,-1,-1,-1,-1,-1,-1,-1,-1,-1,-1,-1,-1,-1,-1,-1,-1,-1,-1,-1,-1,-1,-1,-1,-1,-1,-1,-1,-1,-1,-1,-1,-1,-1,-1,-1
backgrounds hd,2241509,-1,2241040,2240824,-1,-1,-1,2239216,2238784,2238551,-1,-1,-1,-1,-1,-1,-1,-1,-1,-1,-1,-1,-1,-1,-1,-1,-1,-1,-1,-1,-1,-1,-1,-1,-1,-1,-1,-1,-1,-1,-1,-1,-1,-1,-1,-1,-1,-1,-1
home,142360,-1,142107,141957,-1,-1,-1,141294,141096,141002,-1,-1,-1,-1,-1,-1,-1,-1,-1,-1,-1,-1,-1,-1,-1,-1,-1,-1,-1,-1,-1,-1,-1,-1,-1,-1,-1,-1,-1,-1,-1,-1,-1,-1,-1,-1,-1,-1,-1
rogers cup official 2016 app,-1,-1,-1,-1,-1,-1,-1,75,70,69,-1,-1,-1,-1,-1,-1,-1,-1,-1,-1,-1,-1,-1,-1,-1,-1,-1,-1,-1,-1,-1,-1,-1,-1,-1,-1,-1,-1,-1,-1,-1,-1,-1,-1,-1,-1,-1,-1,-1
cartoon photo,-1,-1,-1,-1,-1,-1,-1,-1,18635,18308,-1,-1,-1,-1,-1,-1,-1,-1,-1,-1,-1,-1,-1,-1,-1,-1,-1,-1,-1,-1,-1,-1,-1,-1,-1,-1,-1,-1,-1,-1,-1,-1,-1,-1,-1,-1,-1,-1,-1
what's my iq?,197154,-1,196837,196683,-1,-1,-1,195689,195478,195336,-1,-1,-1,-1,-1,-1,-1,-1,-1,-1,-1,-1,-1,-1,-1,-1,-1,-1,-1,-1,-1,-1,-1,-1,-1,-1,-1,-1,-1,-1,-1,-1,-1,-1,-1,-1,-1,-1,-1
spongebob diner dash,476958,-1,476273,475909,-1,-1,-1,473921,473399,472988,-1,-1,-1,-1,-1,-1,-1,-1,-1,-1,-1,-1,-1,-1,-1,-1,-1,-1,-1,-1,-1,-1,-1,-1,-1,-1,-1,-1,-1,-1,-1,-1,-1,-1,-1,-1,-1,-1,-1
shark.io,-1,-1,-1,-1,-1,-1,-1,2745,2451,2257,-1,-1,-1,-1,-1,-1,-1,-1,-1,-1,-1,-1,-1,-1,-1,-1,-1,-1,-1,-1,-1,-1,-1,-1,-1,-1,-1,-1,-1,-1,-1,-1,-1,-1,-1,-1,-1,-1,-1
virtual table tennis 3d,281103,-1,280638,280429,-1,-1,-1,279144,278817,278605,-1,-1,-1,-1,-1,-1,-1,-1,-1,-1,-1,-1,-1,-1,-1,-1,-1,-1,-1,-1,-1,-1,-1,-1,-1,-1,-1,-1,-1,-1,-1,-1,-1,-1,-1,-1,-1,-1,-1
adobe photoshop express,572079,-1,571566,-1,-1,-1,-1,-1,569389,569163,-1,-1,-1,-1,-1,-1,-1,-1,-1,-1,-1,-1,-1,-1,-1,-1,-1,-1,-1,-1,-1,-1,-1,-1,-1,-1,-1,-1,-1,-1,-1,-1,-1,-1,-1,-1,-1,-1,-1
flashlight,747136,-1,746858,746729,-1,-1,-1,746031,745841,745695,-1,-1,-1,-1,-1,-1,-1,-1,-1,-1,-1,-1,-1,-1,-1,-1,-1,-1,-1,-1,-1,-1,-1,-1,-1,-1,-1,-1,-1,-1,-1,-1,-1,-1,-1,-1,-1,-1,-1
bricks demolition,-1,-1,-1,-1,-1,-1,-1,-1,100427,100374,-1,-1,-1,-1,-1,-1,-1,-1,-1,-1,-1,-1,-1,-1,-1,-1,-1,-1,-1,-1,-1,-1,-1,-1,-1,-1,-1,-1,-1,-1,-1,-1,-1,-1,-1,-1,-1,-1,-1
antivirus free 2016,4971405,-1,4964981,4961369,-1,-1,-1,4946590,4942557,-1,-1,-1,-1,-1,-1,-1,-1,-1,-1,-1,-1,-1,-1,-1,-1,-1,-1,-1,-1,-1,-1,-1,-1,-1,-1,-1,-1,-1,-1,-1,-1,-1,-1,-1,-1,-1,-1,-1,-1
quizclash,6042,-1,6040,6037,-1,-1,-1,6024,6019,-1,-1,-1,-1,-1,-1,-1,-1,-1,-1,-1,-1,-1,-1,-1,-1,-1,-1,-1,-1,-1,-1,-1,-1,-1,-1,-1,-1,-1,-1,-1,-1,-1,-1,-1,-1,-1,-1,-1,-1
global news skytracker,-1,-1,-1,-1,-1,-1,-1,634,-1,-1,-1,-1,-1,-1,-1,-1,-1,-1,-1,-1,-1,-1,-1,-1,-1,-1,-1,-1,-1,-1,-1,-1,-1,-1,-1,-1,-1,-1,-1,-1,-1,-1,-1,-1,-1,-1,-1,-1,-1
pok scanner,-1,-1,-1,-1,-1,-1,-1,3188,-1,-1,-1,-1,-1,-1,-1,-1,-1,-1,-1,-1,-1,-1,-1,-1,-1,-1,-1,-1,-1,-1,-1,-1,-1,-1,-1,-1,-1,-1,-1,-1,-1,-1,-1,-1,-1,-1,-1,-1,-1
pixel car racer,6787,-1,5620,5100,-1,-1,-1,2500,-1,-1,-1,-1,-1,-1,-1,-1,-1,-1,-1,-1,-1,-1,-1,-1,-1,-1,-1,-1,-1,-1,-1,-1,-1,-1,-1,-1,-1,-1,-1,-1,-1,-1,-1,-1,-1,-1,-1,-1,-1
evolution calc for pokemon go,-1,-1,-1,-1,-1,-1,-1,1895,-1,-1,-1,-1,-1,-1,-1,-1,-1,-1,-1,-1,-1,-1,-1,-1,-1,-1,-1,-1,-1,-1,-1,-1,-1,-1,-1,-1,-1,-1,-1,-1,-1,-1,-1,-1,-1,-1,-1,-1,-1
fruits mania ,7694,-1,6924,6445,-1,-1,-1,3530,-1,-1,-1,-1,-1,-1,-1,-1,-1,-1,-1,-1,-1,-1,-1,-1,-1,-1,-1,-1,-1,-1,-1,-1,-1,-1,-1,-1,-1,-1,-1,-1,-1,-1,-1,-1,-1,-1,-1,-1,-1
radar for pokevision,-1,-1,-1,8000,-1,-1,-1,2948,-1,-1,-1,-1,-1,-1,-1,-1,-1,-1,-1,-1,-1,-1,-1,-1,-1,-1,-1,-1,-1,-1,-1,-1,-1,-1,-1,-1,-1,-1,-1,-1,-1,-1,-1,-1,-1,-1,-1,-1,-1
pokmap live,-1,-1,-1,-1,-1,-1,-1,1893,-1,-1,-1,-1,-1,-1,-1,-1,-1,-1,-1,-1,-1,-1,-1,-1,-1,-1,-1,-1,-1,-1,-1,-1,-1,-1,-1,-1,-1,-1,-1,-1,-1,-1,-1,-1,-1,-1,-1,-1,-1
pokefinder for pokemon go,-1,-1,-1,-1,-1,-1,-1,701,-1,-1,-1,-1,-1,-1,-1,-1,-1,-1,-1,-1,-1,-1,-1,-1,-1,-1,-1,-1,-1,-1,-1,-1,-1,-1,-1,-1,-1,-1,-1,-1,-1,-1,-1,-1,-1,-1,-1,-1,-1
hair salon,390043,-1,389533,389327,-1,-1,-1,387912,-1,-1,-1,-1,-1,-1,-1,-1,-1,-1,-1,-1,-1,-1,-1,-1,-1,-1,-1,-1,-1,-1,-1,-1,-1,-1,-1,-1,-1,-1,-1,-1,-1,-1,-1,-1,-1,-1,-1,-1,-1
stick hero,-1,-1,-1,-1,-1,-1,-1,642568,-1,-1,-1,-1,-1,-1,-1,-1,-1,-1,-1,-1,-1,-1,-1,-1,-1,-1,-1,-1,-1,-1,-1,-1,-1,-1,-1,-1,-1,-1,-1,-1,-1,-1,-1,-1,-1,-1,-1,-1,-1
tuango mobile,-1,-1,-1,-1,-1,-1,-1,1191,-1,-1,-1,-1,-1,-1,-1,-1,-1,-1,-1,-1,-1,-1,-1,-1,-1,-1,-1,-1,-1,-1,-1,-1,-1,-1,-1,-1,-1,-1,-1,-1,-1,-1,-1,-1,-1,-1,-1,-1,-1
sniper shooter free,739539,-1,738726,738239,-1,-1,-1,735917,-1,-1,-1,-1,-1,-1,-1,-1,-1,-1,-1,-1,-1,-1,-1,-1,-1,-1,-1,-1,-1,-1,-1,-1,-1,-1,-1,-1,-1,-1,-1,-1,-1,-1,-1,-1,-1,-1,-1,-1,-1
bingo pop,88267,-1,88056,87937,-1,-1,-1,-1,-1,-1,-1,-1,-1,-1,-1,-1,-1,-1,-1,-1,-1,-1,-1,-1,-1,-1,-1,-1,-1,-1,-1,-1,-1,-1,-1,-1,-1,-1,-1,-1,-1,-1,-1,-1,-1,-1,-1,-1,-1
pokmesh,-1,-1,-1,3654,-1,-1,-1,-1,-1,-1,-1,-1,-1,-1,-1,-1,-1,-1,-1,-1,-1,-1,-1,-1,-1,-1,-1,-1,-1,-1,-1,-1,-1,-1,-1,-1,-1,-1,-1,-1,-1,-1,-1,-1,-1,-1,-1,-1,-1
motif fashion accessories,-1,-1,3,3,-1,-1,-1,-1,-1,-1,-1,-1,-1,-1,-1,-1,-1,-1,-1,-1,-1,-1,-1,-1,-1,-1,-1,-1,-1,-1,-1,-1,-1,-1,-1,-1,-1,-1,-1,-1,-1,-1,-1,-1,-1,-1,-1,-1,-1
compass for pokemon,-1,-1,-1,620,-1,-1,-1,-1,-1,-1,-1,-1,-1,-1,-1,-1,-1,-1,-1,-1,-1,-1,-1,-1,-1,-1,-1,-1,-1,-1,-1,-1,-1,-1,-1,-1,-1,-1,-1,-1,-1,-1,-1,-1,-1,-1,-1,-1,-1
magic valentine-love game ca,8,-1,4,3,-1,-1,-1,-1,-1,-1,-1,-1,-1,-1,-1,-1,-1,-1,-1,-1,-1,-1,-1,-1,-1,-1,-1,-1,-1,-1,-1,-1,-1,-1,-1,-1,-1,-1,-1,-1,-1,-1,-1,-1,-1,-1,-1,-1,-1
pac-man pop!,217,-1,207,208,-1,-1,-1,-1,-1,-1,-1,-1,-1,-1,-1,-1,-1,-1,-1,-1,-1,-1,-1,-1,-1,-1,-1,-1,-1,-1,-1,-1,-1,-1,-1,-1,-1,-1,-1,-1,-1,-1,-1,-1,-1,-1,-1,-1,-1
ice cream & smoothies,16888,-1,15926,15321,-1,-1,-1,-1,-1,-1,-1,-1,-1,-1,-1,-1,-1,-1,-1,-1,-1,-1,-1,-1,-1,-1,-1,-1,-1,-1,-1,-1,-1,-1,-1,-1,-1,-1,-1,-1,-1,-1,-1,-1,-1,-1,-1,-1,-1
osheaga 2016,83,-1,83,83,-1,-1,-1,-1,-1,-1,-1,-1,-1,-1,-1,-1,-1,-1,-1,-1,-1,-1,-1,-1,-1,-1,-1,-1,-1,-1,-1,-1,-1,-1,-1,-1,-1,-1,-1,-1,-1,-1,-1,-1,-1,-1,-1,-1,-1
can you escape 3d,67108,-1,66832,66737,-1,-1,-1,-1,-1,-1,-1,-1,-1,-1,-1,-1,-1,-1,-1,-1,-1,-1,-1,-1,-1,-1,-1,-1,-1,-1,-1,-1,-1,-1,-1,-1,-1,-1,-1,-1,-1,-1,-1,-1,-1,-1,-1,-1,-1
trials frontier,802362,-1,800475,798996,-1,-1,-1,-1,-1,-1,-1,-1,-1,-1,-1,-1,-1,-1,-1,-1,-1,-1,-1,-1,-1,-1,-1,-1,-1,-1,-1,-1,-1,-1,-1,-1,-1,-1,-1,-1,-1,-1,-1,-1,-1,-1,-1,-1,-1
blocky cars online,153962,-1,152635,151580,-1,-1,-1,-1,-1,-1,-1,-1,-1,-1,-1,-1,-1,-1,-1,-1,-1,-1,-1,-1,-1,-1,-1,-1,-1,-1,-1,-1,-1,-1,-1,-1,-1,-1,-1,-1,-1,-1,-1,-1,-1,-1,-1,-1,-1
deckstorm,17078,-1,14556,12692,-1,-1,-1,-1,-1,-1,-1,-1,-1,-1,-1,-1,-1,-1,-1,-1,-1,-1,-1,-1,-1,-1,-1,-1,-1,-1,-1,-1,-1,-1,-1,-1,-1,-1,-1,-1,-1,-1,-1,-1,-1,-1,-1,-1,-1
tubers tycoon,22178,-1,21860,21678,-1,-1,-1,-1,-1,-1,-1,-1,-1,-1,-1,-1,-1,-1,-1,-1,-1,-1,-1,-1,-1,-1,-1,-1,-1,-1,-1,-1,-1,-1,-1,-1,-1,-1,-1,-1,-1,-1,-1,-1,-1,-1,-1,-1,-1
bus rush,465089,-1,463195,462032,-1,-1,-1,-1,-1,-1,-1,-1,-1,-1,-1,-1,-1,-1,-1,-1,-1,-1,-1,-1,-1,-1,-1,-1,-1,-1,-1,-1,-1,-1,-1,-1,-1,-1,-1,-1,-1,-1,-1,-1,-1,-1,-1,-1,-1
mp3 music downloader,51445,-1,51196,51094,-1,-1,-1,-1,-1,-1,-1,-1,-1,-1,-1,-1,-1,-1,-1,-1,-1,-1,-1,-1,-1,-1,-1,-1,-1,-1,-1,-1,-1,-1,-1,-1,-1,-1,-1,-1,-1,-1,-1,-1,-1,-1,-1,-1,-1
into the dead,1118648,-1,1115574,1113288,-1,-1,-1,-1,-1,-1,-1,-1,-1,-1,-1,-1,-1,-1,-1,-1,-1,-1,-1,-1,-1,-1,-1,-1,-1,-1,-1,-1,-1,-1,-1,-1,-1,-1,-1,-1,-1,-1,-1,-1,-1,-1,-1,-1,-1
big bang racing,14234,-1,12627,11216,-1,-1,-1,-1,-1,-1,-1,-1,-1,-1,-1,-1,-1,-1,-1,-1,-1,-1,-1,-1,-1,-1,-1,-1,-1,-1,-1,-1,-1,-1,-1,-1,-1,-1,-1,-1,-1,-1,-1,-1,-1,-1,-1,-1,-1
ghost town adventures,30926,-1,30408,30148,-1,-1,-1,-1,-1,-1,-1,-1,-1,-1,-1,-1,-1,-1,-1,-1,-1,-1,-1,-1,-1,-1,-1,-1,-1,-1,-1,-1,-1,-1,-1,-1,-1,-1,-1,-1,-1,-1,-1,-1,-1,-1,-1,-1,-1
magic school,254,-1,240,236,-1,-1,-1,-1,-1,-1,-1,-1,-1,-1,-1,-1,-1,-1,-1,-1,-1,-1,-1,-1,-1,-1,-1,-1,-1,-1,-1,-1,-1,-1,-1,-1,-1,-1,-1,-1,-1,-1,-1,-1,-1,-1,-1,-1,-1
the survival hunter games 2,81818,-1,80704,80155,-1,-1,-1,-1,-1,-1,-1,-1,-1,-1,-1,-1,-1,-1,-1,-1,-1,-1,-1,-1,-1,-1,-1,-1,-1,-1,-1,-1,-1,-1,-1,-1,-1,-1,-1,-1,-1,-1,-1,-1,-1,-1,-1,-1,-1
true or false,54810,-1,54597,54473,-1,-1,-1,-1,-1,-1,-1,-1,-1,-1,-1,-1,-1,-1,-1,-1,-1,-1,-1,-1,-1,-1,-1,-1,-1,-1,-1,-1,-1,-1,-1,-1,-1,-1,-1,-1,-1,-1,-1,-1,-1,-1,-1,-1,-1
dr. parking 4,212074,-1,211219,210738,-1,-1,-1,-1,-1,-1,-1,-1,-1,-1,-1,-1,-1,-1,-1,-1,-1,-1,-1,-1,-1,-1,-1,-1,-1,-1,-1,-1,-1,-1,-1,-1,-1,-1,-1,-1,-1,-1,-1,-1,-1,-1,-1,-1,-1
pokemap,-1,-1,-1,1183,-1,-1,-1,-1,-1,-1,-1,-1,-1,-1,-1,-1,-1,-1,-1,-1,-1,-1,-1,-1,-1,-1,-1,-1,-1,-1,-1,-1,-1,-1,-1,-1,-1,-1,-1,-1,-1,-1,-1,-1,-1,-1,-1,-1,-1
100 floors,192447,-1,192299,192219,-1,-1,-1,-1,-1,-1,-1,-1,-1,-1,-1,-1,-1,-1,-1,-1,-1,-1,-1,-1,-1,-1,-1,-1,-1,-1,-1,-1,-1,-1,-1,-1,-1,-1,-1,-1,-1,-1,-1,-1,-1,-1,-1,-1,-1
ice cream maker,191500,-1,191162,190976,-1,-1,-1,-1,-1,-1,-1,-1,-1,-1,-1,-1,-1,-1,-1,-1,-1,-1,-1,-1,-1,-1,-1,-1,-1,-1,-1,-1,-1,-1,-1,-1,-1,-1,-1,-1,-1,-1,-1,-1,-1,-1,-1,-1,-1
stickman rope hero,13627,-1,12374,11785,-1,-1,-1,-1,-1,-1,-1,-1,-1,-1,-1,-1,-1,-1,-1,-1,-1,-1,-1,-1,-1,-1,-1,-1,-1,-1,-1,-1,-1,-1,-1,-1,-1,-1,-1,-1,-1,-1,-1,-1,-1,-1,-1,-1,-1
cbc rio 2016,90,-1,31,25,-1,-1,-1,-1,-1,-1,-1,-1,-1,-1,-1,-1,-1,-1,-1,-1,-1,-1,-1,-1,-1,-1,-1,-1,-1,-1,-1,-1,-1,-1,-1,-1,-1,-1,-1,-1,-1,-1,-1,-1,-1,-1,-1,-1,-1
lep's world,440916,-1,440031,439576,-1,-1,-1,-1,-1,-1,-1,-1,-1,-1,-1,-1,-1,-1,-1,-1,-1,-1,-1,-1,-1,-1,-1,-1,-1,-1,-1,-1,-1,-1,-1,-1,-1,-1,-1,-1,-1,-1,-1,-1,-1,-1,-1,-1,-1
bubble shooter,45823,-1,45316,45140,-1,-1,-1,-1,-1,-1,-1,-1,-1,-1,-1,-1,-1,-1,-1,-1,-1,23675,23309,22801,22263,21661,-1,-1,19818,-1,18938,-1,-1,-1,-1,16898,16420,16113,-1,15379,-1,-1,14086,13775,13333,12956,12545,-1,11898
crocodile attack 2016,-1,-1,46064,45800,-1,-1,-1,-1,-1,-1,-1,-1,-1,-1,-1,-1,-1,-1,-1,-1,-1,-1,-1,-1,-1,-1,-1,-1,-1,-1,-1,-1,-1,-1,-1,-1,-1,-1,-1,-1,-1,-1,-1,-1,-1,-1,-1,-1,-1
flashlight,747136,-1,746858,746729,-1,-1,-1,746031,745841,745695,-1,-1,-1,-1,-1,-1,-1,-1,-1,-1,-1,-1,-1,-1,-1,-1,-1,-1,-1,-1,-1,-1,-1,-1,-1,-1,-1,-1,-1,-1,-1,-1,-1,-1,-1,-1,-1,-1,-1
shopping mall girl,6108,-1,5225,4841,-1,-1,-1,-1,-1,-1,-1,-1,-1,-1,-1,-1,-1,-1,-1,-1,-1,-1,-1,-1,-1,-1,-1,-1,-1,-1,-1,-1,-1,-1,-1,-1,-1,-1,-1,-1,-1,-1,-1,-1,-1,-1,-1,-1,-1
plumber,298109,-1,297871,297766,-1,-1,-1,-1,-1,-1,-1,-1,-1,-1,-1,-1,-1,-1,-1,-1,-1,-1,-1,-1,-1,-1,-1,-1,-1,-1,-1,-1,-1,-1,-1,-1,-1,-1,-1,-1,-1,-1,-1,-1,-1,-1,-1,-1,-1
pizza pizza,-1,-1,7839,7833,-1,-1,-1,-1,-1,-1,-1,-1,-1,-1,-1,-1,-1,-1,-1,-1,-1,-1,-1,-1,-1,-1,-1,-1,-1,-1,-1,-1,-1,-1,-1,-1,-1,-1,-1,-1,-1,-1,-1,-1,-1,-1,-1,-1,-1
veld music festival,-1,-1,-1,63,-1,-1,-1,-1,-1,-1,-1,-1,-1,-1,-1,-1,-1,-1,-1,-1,-1,-1,-1,-1,-1,-1,-1,-1,-1,-1,-1,-1,-1,-1,-1,-1,-1,-1,-1,-1,-1,-1,-1,-1,-1,-1,-1,-1,-1
complete kodi setup wizard,2624,-1,2605,2590,-1,-1,-1,-1,-1,-1,-1,-1,-1,-1,-1,-1,-1,-1,-1,-1,-1,-1,-1,-1,-1,-1,-1,-1,-1,-1,-1,-1,-1,-1,-1,-1,-1,-1,-1,-1,-1,-1,-1,-1,-1,-1,-1,-1,-1
movies by flixster,605401,-1,605123,605020,-1,-1,-1,-1,-1,-1,-1,-1,-1,-1,-1,-1,-1,-1,-1,-1,-1,-1,-1,-1,-1,-1,-1,-1,-1,-1,-1,-1,-1,-1,-1,-1,-1,-1,-1,-1,-1,-1,-1,-1,-1,-1,-1,-1,-1
screen lock,294664,-1,294006,293612,-1,-1,-1,-1,-1,-1,-1,-1,-1,-1,-1,-1,-1,-1,-1,-1,-1,-1,-1,-1,-1,-1,-1,-1,-1,-1,-1,-1,-1,-1,-1,-1,-1,-1,-1,-1,-1,-1,-1,-1,-1,-1,-1,-1,-1
bingo bash,-1,-1,-1,437215,-1,-1,-1,-1,-1,-1,-1,-1,-1,-1,-1,-1,-1,-1,-1,-1,-1,-1,-1,-1,-1,-1,-1,-1,-1,-1,-1,-1,-1,-1,-1,-1,-1,-1,-1,-1,-1,-1,-1,-1,-1,-1,-1,-1,-1
fake gps location,38278,-1,36632,36130,-1,-1,-1,34318,34023,33777,33348,33024,-1,-1,31942,31648,31380,31194,30926,-1,-1,30303,30056,29828,29635,29476,-1,-1,-1,-1,-1,-1,-1,-1,-1,-1,-1,-1,-1,-1,-1,-1,-1,-1,-1,-1,-1,-1,-1
shomi_ for tablet,1567,-1,1564,1563,-1,-1,-1,-1,-1,-1,-1,-1,-1,-1,-1,-1,-1,-1,-1,-1,-1,-1,-1,-1,-1,-1,-1,-1,-1,-1,-1,-1,-1,-1,-1,-1,-1,-1,-1,-1,-1,-1,-1,-1,-1,-1,-1,-1,-1
abc kids,-1,-1,2580,2544,-1,-1,-1,-1,-1,-1,-1,-1,-1,-1,-1,-1,-1,-1,-1,-1,-1,-1,-1,-1,-1,-1,-1,-1,-1,-1,-1,-1,-1,-1,-1,-1,-1,-1,-1,-1,-1,-1,-1,-1,-1,-1,-1,-1,-1
torch,6208,-1,6170,6141,-1,-1,-1,-1,-1,-1,13822,13741,-1,-1,13400,13273,13154,13083,12927,-1,-1,12590,12465,12325,12193,12020,-1,-1,11618,-1,11276,-1,-1,10807,10520,10358,10139,10002,-1,9721,-1,-1,9244,9125,9012,8894,8766,-1,8599
100 doors challenge,5521,-1,5420,-1,-1,-1,-1,-1,-1,-1,-1,-1,-1,-1,-1,-1,-1,-1,-1,-1,-1,-1,-1,-1,-1,-1,-1,-1,-1,-1,-1,-1,-1,-1,-1,-1,-1,-1,-1,-1,-1,-1,-1,-1,-1,-1,-1,-1,-1
escaping the prison,284569,-1,283221,-1,-1,-1,-1,-1,-1,-1,-1,-1,-1,-1,-1,-1,-1,-1,-1,-1,-1,-1,-1,-1,-1,-1,-1,-1,-1,-1,-1,-1,-1,-1,-1,-1,-1,-1,-1,-1,-1,-1,-1,-1,-1,-1,-1,-1,-1
kaspersky antivirus & security,1383505,-1,1381472,-1,-1,-1,-1,-1,-1,-1,-1,-1,-1,-1,-1,-1,-1,-1,-1,-1,-1,-1,-1,-1,-1,-1,-1,-1,-1,-1,-1,-1,-1,-1,-1,-1,-1,-1,-1,-1,-1,-1,-1,-1,-1,-1,-1,-1,-1
baby panda care,53425,-1,53032,-1,-1,-1,-1,-1,-1,-1,-1,-1,-1,-1,-1,-1,-1,-1,-1,-1,-1,-1,-1,-1,-1,-1,-1,-1,-1,-1,-1,-1,-1,-1,-1,-1,-1,-1,-1,-1,-1,-1,-1,-1,-1,-1,-1,-1,-1
tom loves angela,-1,-1,807640,-1,-1,-1,-1,-1,-1,-1,-1,-1,-1,-1,-1,-1,-1,-1,-1,-1,-1,-1,-1,-1,-1,-1,-1,-1,-1,-1,-1,-1,-1,-1,-1,-1,-1,-1,-1,-1,-1,-1,-1,-1,-1,-1,-1,-1,-1
